time,pelvis_tx,pelvis_ty,pelvis_tilt,q_hip_r,q_knee_r,q_ankle_r,q_hip_l,q_knee_l,q_ankle_l
0.0,-1.5000000000000002e-05,0.0317366182432357,-0.033227279738741,0.3333710235663167,-0.0785095471819276,-0.0391859737656153,-0.1689449760905069,-0.2486767802854555,0.1486349462440569
0.01,0.0018784965256655,0.0308604000754483,-0.0292553598988357,0.3280790723050614,-0.0988176852197669,-0.0615950945715872,-0.1732701538378428,-0.2724896451557727,0.1415253306515777
0.02,0.0039275412640836,0.0301248728540476,-0.025240706410576,0.3220991305058374,-0.1191355470849445,-0.0781334749138744,-0.1755418209885311,-0.2998519173258261,0.1317299411739098
0.03,0.0059678830558608,0.0295445426663327,-0.0215421425747108,0.3179325029022808,-0.143640120702429,-0.0842504239598767,-0.1747216964908091,-0.3315906632408513,0.1188851044047053
0.04,0.00810393592789,0.0291617372538488,-0.0178515991296551,0.3141340498423584,-0.1705066709386222,-0.0788818837055112,-0.1710786182002892,-0.3676431193746947,0.1018277131286265
0.05,0.010468543806196,0.0290240884475198,-0.0138144860380912,0.30775018085801,-0.1941183161157116,-0.0699705745721362,-0.1650578275553415,-0.4076042584119876,0.0790021967016682
0.06,0.0126910990033964,0.0291076132366851,-0.0103147187128982,0.30202671821911,-0.2184922137116088,-0.0546960608539732,-0.1545761882428903,-0.4526385867181673,0.0494450000449452
0.07,0.0144604703101985,0.0293751827093571,-0.008048690896431,0.2996208502815776,-0.2469294609431071,-0.0312529835102622,-0.1382312489712088,-0.5028724906846765,0.0116658087453273
0.08,0.0161185651310818,0.0298411570073229,-0.0060579732998836,0.2954145776354555,-0.2710554023107154,-0.0101632186066934,-0.1183572315327198,-0.5553340226863992,-0.0369593784103405
0.09,0.017670827085158,0.0304731288376535,-0.0042418568508955,0.2888779254256288,-0.2899367088839366,0.0069081258015116,-0.0959351999385174,-0.6074253414155704,-0.0991777164255508
0.1,0.0190632193947205,0.0312330797838502,-0.002686060971427,0.2804183445858184,-0.3040116637932347,0.0210105869446135,-0.0720493442340311,-0.6559230649647211,-0.1768608570055024
0.11,0.0202438283800161,0.0320164532542048,-0.001413853883071,0.2706514640415375,-0.3144421980785033,0.0339254703563974,-0.0471498233645437,-0.7019164284089081,-0.2570944957651704
0.12,0.0212073020794854,0.0326940867122135,-0.0002914184071617,0.2599793612354066,-0.322352567134245,0.0472102768907526,-0.021063536223719,-0.7511661665377689,-0.3111311270204727
0.13,0.022022712221978,0.0333085968025195,0.0008575218861007,0.2480497399976148,-0.3275898491856074,0.0607522767990937,0.0056328376466749,-0.8034032295132555,-0.3381089832124292
0.14,0.0226650819456637,0.0339146212910272,0.0019235986620087,0.2349212751541133,-0.3300319228264996,0.0741638397065512,0.0329450875260291,-0.8569995395025696,-0.3451096762781511
0.15,0.0230597141605561,0.0345594250771929,0.0026559841892981,0.2210270059111423,-0.3298344207663216,0.0867788902185988,0.0612082093332775,-0.910081375695898,-0.3402501996804973
0.16,0.0232189371470122,0.0352743859234031,0.0030429766575377,0.2065189545887608,-0.3272966955951445,0.0980897484596238,0.0901038247368616,-0.9610435512476284,-0.3290664855049466
0.17,0.0231849387114662,0.036086504197787,0.0031382548424786,0.1912531684926988,-0.322303869166911,0.1078095231851587,0.1190501295318194,-1.0080228599065977,-0.3144078214687312
0.18,0.0229806796922726,0.0370073544194952,0.0029508831153967,0.1752874613096255,-0.3149693391660329,0.1155837858748032,0.1475736356217153,-1.049639833136116,-0.2949146152281408
0.19,0.0226462795902594,0.0380517963791547,0.0025334569731799,0.1586779575726919,-0.3055310299755737,0.1210771300676995,0.1748324945096417,-1.0833112158805631,-0.2719025892875096
0.2,0.0222194282190775,0.0392280498060117,0.0019555096730129,0.1416074950437629,-0.2944172992230677,0.1236234225833024,0.1999125331529375,-1.106410364134985,-0.2466395052906047
0.21,0.0216661577569233,0.040501116804891,0.0011698877745714,0.1248768607800934,-0.2829185154916482,0.1231241295173592,0.2229073092646411,-1.1191151117788831,-0.2184999859565295
0.22,0.0210120435983744,0.0418304371699052,0.0002804574441091,0.1086521877395694,-0.2718320219916361,0.1213707567551912,0.2437013854934762,-1.1216230666765434,-0.1892389252708783
0.23,0.0203188692190873,0.0431759241130305,-0.0005524676906161,0.0924116106250749,-0.2608682273094891,0.1202072104219058,0.2621534311869484,-1.1145368759932193,-0.1604124437670769
0.24,0.0196015979768585,0.0444907106194893,-0.0013008686474074,0.0759035904709786,-0.2496367346402705,0.1196949384746391,0.2785262806825093,-1.0991382740628983,-0.1332017613162131
0.25,0.0188427244946215,0.0457236436059308,-0.0020255771065872,0.0592214090403951,-0.238103785961991,0.1193558453208945,0.2932171934585557,-1.076999860942203,-0.1058398495238465
0.26,0.018060343456045,0.0468480865096906,-0.0027022817507748,0.0420984612802972,-0.2257779547514572,0.1187464991507836,0.3062522803043043,-1.048139301490554,-0.0846016892843946
0.27,0.0172271375139251,0.0478171375261409,-0.0034209584000743,0.0247762755101765,-0.2128968674116702,0.1178782298752364,0.3180471066288995,-1.014271192381642,-0.0652875528393626
0.28,0.016269648219848,0.0486144891667692,-0.0044054020903069,0.0081017163903578,-0.2004790213134774,0.1168538626256539,0.3287262684469813,-0.9749795670119676,-0.0492050399351276
0.29,0.0150522747947338,0.0492103449306554,-0.0060248678541761,-0.0064091651066553,-0.1904904318109625,0.1162317657185803,0.3390620980964643,-0.9314548507183156,-0.0335894906458751
0.3,0.0135357069117751,0.0495988433449546,-0.0084077146050298,-0.018297732842292,-0.1835143685800581,0.116304674482147,0.3491970879168091,-0.8836690614842213,-0.0212732107068699
0.31,0.0116932145458559,0.0497594510884606,-0.0116427342304613,-0.0273079537625273,-0.1798473733837441,0.1174279772918416,0.3596194045114371,-0.8332549702746913,-0.0098442123551606
0.32,0.0097073311896462,0.0497085020044328,-0.0153041222740487,-0.0351966542315467,-0.1773194654703131,0.1191500902266533,0.3689923919773671,-0.7786913209213866,-0.0014056882221256
0.33,0.0078879675221392,0.0494694332313455,-0.0186462216929785,-0.0451932929564155,-0.1716981507972519,0.1204171379706161,0.3754053794351362,-0.7184695240173177,0.0040199760262923
0.34,0.00614147192891,0.0490361304350504,-0.021929099738068,-0.0560895707294621,-0.1646368917543368,0.1216252878443526,0.3794300629217128,-0.653525537872293,0.0085003533820676
0.35,0.0043285366319672,0.0484279820415606,-0.0255431938638968,-0.0660447035252035,-0.1586436034977383,0.1232565012573298,0.3812150822871844,-0.5823006207418995,0.0072204894601312
0.36,0.0024583345547973,0.0476376887528561,-0.0294647555981154,-0.0749207059663647,-0.1540699101693379,0.1254974170055535,0.3813956529491956,-0.5069505080476886,-0.0001154697171595
0.37,0.0006392008082667,0.0466653703570987,-0.033416941892983,-0.0831477533280981,-0.1508572783666442,0.1284382545872352,0.3798034421578296,-0.4293962450503293,-0.0073494495205365
0.38,-0.0010175574501669,0.0455235344979568,-0.0370987940708948,-0.09111718171242,-0.1490324246030442,0.132012348007852,0.3763631167427195,-0.3519033052067273,-0.0114434817865409
0.39,-0.002452251264267,0.0442381307608112,-0.0403304667517096,-0.0989244981366735,-0.1488566507026951,0.1360959044484952,0.3714644386882602,-0.2769940012938613,-0.0143576969831281
0.4,-0.0036040913851615,0.0428375714940623,-0.0429206088589801,-0.1067316732875692,-0.1504755625191597,0.1405131046439831,0.3657667636925117,-0.208291752436568,-0.0134196444302518
0.41,-0.0044248452065438,0.0413602434089619,-0.0447141186261715,-0.1146673376570263,-0.1539853165169064,0.1449878538415584,0.3598169382074427,-0.1487275106157188,-0.0073003977116039
0.42,-0.0048620972644714,0.0398492943255912,-0.0455593225729541,-0.1229156133229253,-0.159363270093818,0.149133736752386,0.3537968798945249,-0.100200534318201,0.0049681873277127
0.43,-0.0049002887597918,0.0383536310245493,-0.0454093844707114,-0.1315077727095633,-0.1665814517039033,0.1525276119123153,0.347815311956775,-0.0632927558187205,0.0164262018951338
0.44,-0.0045802483778465,0.0369099198765543,-0.0443771209272713,-0.1400999209813959,-0.1759579036865956,0.1549500404034591,0.3424662453780866,-0.0391343403678291,0.0241752226375467
0.45,-0.0039811886505874,0.0355453839593379,-0.0426877441596826,-0.1481476642692518,-0.1879007922846696,0.1562471028681177,0.338573799930457,-0.0286262634068694,0.0249034960108177
0.46,-0.0031581447620755,0.0342770581520017,-0.0405239939225097,-0.1552940650308654,-0.2025715177171875,0.1562010007500187,0.3365419780272822,-0.031606743302447,0.0161675784093478
0.47,-0.0021371123553352,0.0331101969994755,-0.0380119388168677,-0.1613124053251479,-0.2200609257259876,0.1546179986440433,0.3363023666226648,-0.0469845920591457,-0.0014209204013544
0.48,-0.0008577355186434,0.0320462398719834,-0.0350736622787797,-0.1664026219245734,-0.240178496257036,0.1511471075295092,0.3365118183224194,-0.0711144945496167,-0.0250499915467609
0.49,0.0007972690343153,0.0310987288993895,-0.031529079454716,-0.1709299265702299,-0.2626612716706565,0.1452919072870201,0.3339830189337451,-0.0950612608475077,-0.0480380503203694
0.5,0.0027899868622798,0.0302920900088258,-0.0275042375598984,-0.1744169430634216,-0.2879621442382959,0.1366990599118481,0.3283291798109911,-0.115491211836881,-0.0671119865083671
0.51,0.0050176376696583,0.0296530647616577,-0.0232013551673819,-0.1761100853599345,-0.3167729518048893,0.1249479651471163,0.3212736015334159,-0.1350508364537453,-0.0812294910923533
0.52,0.0073478499888316,0.0292028134108232,-0.0189063656134394,-0.175034013624034,-0.349945710803883,0.1094586187829023,0.3145232380064671,-0.1567105369730556,-0.0854513427454661
0.53,0.0097224096516262,0.0289676804334114,-0.0147406999289719,-0.1705957651921681,-0.3879151985663164,0.0891868566114623,0.307928602712255,-0.1796991839400436,-0.0805798535196647
0.54,0.0118405346609403,0.0289343062626854,-0.0114280074417987,-0.1610578894231553,-0.4316570825593691,0.0631301413382648,0.3038539598601554,-0.2065430936616252,-0.0656685612367022
0.55,0.0135928515462968,0.0290980823011533,-0.009154566900112,-0.1459101895213281,-0.4809598424725513,0.0295026672266159,0.3024641892525738,-0.2366886560502443,-0.0428727659585314
0.56,0.0152582153504721,0.029474102334321,-0.0071120606078379,-0.1270104262471566,-0.5334570027180345,-0.0142295587795477,0.2995009425385251,-0.2633885748416258,-0.0201862993232769
0.5700000000000001,0.0169155722323303,0.0300417097582307,-0.0050211683764266,-0.1056348415192511,-0.5864194391220149,-0.0705531115591051,0.2934139436666909,-0.2841181774913568,-0.0006943159786039
0.58,0.0184470022518098,0.0307582895536386,-0.0031306925154862,-0.0824607669383306,-0.6369172780593595,-0.14159769911398,0.2851731751023443,-0.2997811876538209,0.0152858671034511
0.59,0.0197912843853693,0.031577481061467,-0.001549810371317,-0.0583752788962449,-0.6823233288008524,-0.2286222568864983,0.2752556927971143,-0.310994066969709,0.0289557529179979
0.6,0.0208516648659109,0.0322986282762957,-0.0003274653826793,-0.0327170119469673,-0.7301159267250514,-0.2949289421778027,0.264865231840713,-0.3198933172537271,0.0422962893315259
0.61,0.0217304982266673,0.0329336221619675,0.0008329872776229,-0.0061495504604811,-0.7814108110906804,-0.3322332474462068,0.2533997893175371,-0.3262089057589597,0.0560091233016616
0.62,0.0224242812008997,0.0335292639802945,0.0019130955202099,0.0210789439670213,-0.8351706874123906,-0.3456620995638844,0.2410997741236114,-0.3303177204658493,0.0693115297143938
0.63,0.0228822558115125,0.0341525277869596,0.0027075860669269,0.049247783450011,-0.8887928060987457,-0.3450093071892348,0.2277557750273813,-0.3313797876038397,0.0821188871883273
0.64,0.023100261446712,0.0348343905779797,0.003168072114518,0.0781724974517401,-0.9409764289443244,-0.3357096024186053,0.2137795198875193,-0.3300809554090742,0.0937231334418604
0.65,0.0231342394186073,0.0356052485720301,0.003386206386201,0.1072277324039756,-0.9899178789858264,-0.3213774325961703,0.1988957116813704,-0.3262131283789334,0.1040595494514515
0.66,0.0229946296771423,0.0364841686935583,0.0033364945801582,0.1359971820222816,-1.0338339101091298,-0.3040821392203346,0.1832732040896243,-0.3199903184233296,0.1126227054234256
0.67,0.0227571190274145,0.0374796449685912,0.003155696254662,0.1636766090218591,-1.0712516835467412,-0.2804402652060948,0.1664344215070018,-0.3109098497415508,0.1195481372722037
0.68,0.0224412426027753,0.0386075338814969,0.0028459108128643,0.1895172735097036,-1.099132915368742,-0.256184182227484,0.148628292782339,-0.2993833381013304,0.1240868442074715
0.6900000000000001,0.0220232780131299,0.0398484832623687,0.0023418391746035,0.2131918674009293,-1.1164479514310508,-0.2291237812905502,0.1305976288326402,-0.2865228133654256,0.1256195933485217
0.7000000000000001,0.0214823431432559,0.0411668026022376,0.0016347319114552,0.2347478178089401,-1.1233060075779364,-0.2004031698923522,0.1129968506209982,-0.273467478462689,0.1242035391512872
0.71,0.0208050712283082,0.0425195036342357,0.0007254765275166,0.2542091687948396,-1.119879796685195,-0.1719494124201164,0.0964071054525571,-0.261550470085681,0.1217682475759303
0.72,0.0200468262025602,0.043862038019414,-0.0002433107664982,0.2715504076839359,-1.1071984696554988,-0.1446635467666992,0.0803311370544819,-0.2504888388122395,0.1202833509856364
0.73,0.019231412897091,0.0451471685355897,-0.0012215080770809,0.2870133080244398,-1.0866918238451908,-0.1191478836430429,0.0644023388469547,-0.2396981682429679,0.1194847782400436
0.74,0.0183613758128794,0.0463313186468543,-0.0022205679658552,0.3008702213671557,-1.0596082286280069,-0.0955226799533827,0.0484788920463429,-0.2288321865014436,0.1188572663896523
0.75,0.0173905219543251,0.0473741059324186,-0.0033766060859379,0.3135777153717225,-1.0270852996012003,-0.0739678341196742,0.0330086221561547,-0.218358706846464,0.1182578848241054
0.76,0.0163190210038152,0.0482475442897057,-0.0047138439721926,0.3252646236892813,-0.9897723222964796,-0.0550982379502525,0.0179483741261393,-0.2081403359696582,0.1176456247272261
0.77,0.0151034389869685,0.0489276329121736,-0.0063705604101609,0.3361932838406076,-0.9482933589086554,-0.0378161534364212,0.0037881556593126,-0.1987688884248084,0.1172017306752115
0.78,0.0137589428645323,0.0494042990942652,-0.0083371826819916,0.3462658637427387,-0.9026832236040422,-0.0236235300125975,-0.0096238784503727,-0.1900016300581864,0.1169499789904882
0.79,0.0122870808371955,0.049669101779111,-0.0106367205642419,0.3555444272335729,-0.8533403074562713,-0.0133740795082727,-0.0222953108607604,-0.1817922845813414,0.1169840819347173
0.8,0.0106655966380955,0.0497178483910342,-0.0133575986249478,0.3640475788859109,-0.8005357420974134,-0.0048684494157839,-0.0338508572599097,-0.174681319387124,0.1175398474988405
0.81,0.0089303166385872,0.0495568907923205,-0.0164429106230572,0.3714475235854492,-0.7440813393742679,0.002479047927407,-0.0445547670733307,-0.1683405005383988,0.1185778146758422
0.8200000000000001,0.0071278549938593,0.0492023732449638,-0.0198108926563846,0.3771292117684184,-0.682955093119642,0.0078528209351238,-0.0546887178119447,-0.1624651120855804,0.1199690174778785
0.8300000000000001,0.0052777647474828,0.0486732611776117,-0.0234452491529472,0.3805513217914408,-0.6157850145889715,0.0079789254623906,-0.0641689797399972,-0.1572666246290415,0.1216887157049761
0.84,0.0033944962233259,0.0479742299442121,-0.027338597375897,0.381527702159452,-0.5423126956652224,0.0032019798126615,-0.072844451208277,-0.1530797809758997,0.1238371398960617
0.85,0.0014797592898339,0.0471005365996802,-0.0314944683952987,0.3806386947316464,-0.4642623510532961,-0.006647709956458,-0.0805471117099261,-0.1502596214694672,0.1266369654562732
0.86,-0.000383701450066,0.0460459426902654,-0.0356812043649784,0.3784828173861186,-0.385609010804635,-0.0147132714106473,-0.0875506785507037,-0.148898984907699,0.1301913039908814
0.87,-0.0020902063980715,0.0448263683884511,-0.0395916947506831,0.375417005204669,-0.3098738723428483,-0.0190877399574945,-0.0942486782885239,-0.1490331785509492,0.1344160211256931
0.88,-0.0034500081948756,0.0434708227814786,-0.0427173043508097,0.3706784139415712,-0.2389697935390689,-0.0124994043460451,-0.1015110823011194,-0.150288688731779,0.1389339334400295
0.89,-0.004376439132274,0.0420302121589874,-0.0447954438685441,0.3640630920909213,-0.1737431510606528,-0.0055490515831583,-0.1096099768940053,-0.1527387534055984,0.1433406296605612
0.9,-0.0049221287733531,0.0405408049276255,-0.0459291121042382,0.3570813632240948,-0.1181743129023063,0.0012808305188214,-0.1180971112086644,-0.1569253164724509,0.1475297039570854
0.91,-0.0051084599599099,0.0390401615981482,-0.046164103585173,0.350644746684672,-0.0751072094782525,0.011607608506365,-0.1267530796719539,-0.1630801508770427,0.1512373895162995
0.92,-0.0049432699716736,0.0375725925815975,-0.0455184491008079,0.3450762290655575,-0.0454871162638355,0.0213134257910989,-0.135414270703084,-0.1713882689033843,0.1541312333335697
0.93,-0.0044569374389535,0.0361748351344252,-0.0440881905337654,0.3407728151137271,-0.0300137812573367,0.0261671439462755,-0.1437266866830981,-0.182244609803207,0.1559766895712326
0.94,-0.0037122092513542,0.0348689775634047,-0.0420701126967632,0.3381751328178393,-0.0285336921390406,0.0230742278749161,-0.1512908399792981,-0.1958405851137734,0.1565553620512921
0.95,-0.0027429885049856,0.0336665616023613,-0.0396043705548667,0.3372554066822758,-0.0397702656640647,0.009321561561541,-0.1578857738799002,-0.2122012739307535,0.1556255768718795
0.96,-5e-06,0.0317466182432357,-0.033217279738741,0.3333810235663167,-0.0784995471819276,-0.0391759737656153,-0.1689349760905069,-0.2486667802854555,0.1486449462440569
0.97,0.0018884965256655,0.0308704000754483,-0.0292453598988357,0.3280890723050614,-0.0988076852197669,-0.0615850945715872,-0.1732601538378428,-0.2724796451557727,0.1415353306515777
0.98,0.0039375412640836,0.0301348728540476,-0.025230706410576,0.3221091305058374,-0.1191255470849445,-0.0781234749138744,-0.1755318209885311,-0.2998419173258261,0.1317399411739097
0.99,0.0059778830558608,0.0295545426663327,-0.0215321425747108,0.3179425029022809,-0.143630120702429,-0.0842404239598767,-0.1747116964908091,-0.3315806632408513,0.1188951044047053
1.0,0.00811393592789,0.0291717372538488,-0.0178415991296551,0.3141440498423584,-0.1704966709386222,-0.0788718837055112,-0.1710686182002892,-0.3676331193746947,0.1018377131286265
1.01,0.010478543806196,0.0290340884475198,-0.0138044860380912,0.30776018085801,-0.1941083161157117,-0.0699605745721362,-0.1650478275553415,-0.4075942584119876,0.0790121967016682
1.02,0.0127010990033964,0.0291176132366851,-0.0103047187128982,0.30203671821911,-0.2184822137116088,-0.0546860608539732,-0.1545661882428903,-0.4526285867181673,0.0494550000449452
1.03,0.0144704703101985,0.0293851827093571,-0.008038690896431,0.2996308502815776,-0.2469194609431071,-0.0312429835102622,-0.1382212489712088,-0.5028624906846766,0.0116758087453273
1.04,0.0161285651310818,0.0298511570073229,-0.0060479732998836,0.2954245776354555,-0.2710454023107154,-0.0101532186066934,-0.1183472315327198,-0.5553240226863992,-0.0369493784103405
1.05,0.017680827085158,0.0304831288376535,-0.0042318568508955,0.2888879254256288,-0.2899267088839366,0.0069181258015116,-0.0959251999385174,-0.6074153414155704,-0.0991677164255508
1.06,0.0190732193947205,0.0312430797838502,-0.002676060971427,0.2804283445858184,-0.3040016637932347,0.0210205869446135,-0.0720393442340311,-0.6559130649647211,-0.1768508570055025
1.07,0.0202538283800161,0.0320264532542048,-0.001403853883071,0.2706614640415375,-0.3144321980785033,0.0339354703563974,-0.0471398233645437,-0.7019064284089082,-0.2570844957651704
1.08,0.0212173020794854,0.0327040867122135,-0.0002814184071617,0.2599893612354066,-0.322342567134245,0.0472202768907527,-0.021053536223719,-0.751156166537769,-0.3111211270204727
1.09,0.022032712221978,0.0333185968025196,0.0008675218861007,0.2480597399976148,-0.3275798491856074,0.0607622767990937,0.0056428376466749,-0.8033932295132555,-0.3380989832124292
1.1,0.0226750819456637,0.0339246212910272,0.0019335986620087,0.2349312751541133,-0.3300219228264996,0.0741738397065512,0.0329550875260291,-0.8569895395025696,-0.3450996762781511
1.11,0.0230697141605561,0.0345694250771929,0.0026659841892981,0.2210370059111423,-0.3298244207663215,0.0867888902185988,0.0612182093332775,-0.910071375695898,-0.3402401996804973
1.12,0.0232289371470122,0.0352843859234031,0.0030529766575377,0.2065289545887608,-0.3272866955951445,0.0980997484596238,0.0901138247368616,-0.9610335512476283,-0.3290564855049466
1.13,0.0231949387114662,0.036096504197787,0.0031482548424786,0.1912631684926988,-0.322293869166911,0.1078195231851587,0.1190601295318194,-1.0080128599065974,-0.3143978214687312
1.14,0.0229906796922726,0.0370173544194952,0.0029608831153967,0.1752974613096255,-0.3149593391660329,0.1155937858748031,0.1475836356217153,-1.0496298331361158,-0.2949046152281408
1.15,0.0226562795902594,0.0380617963791547,0.0025434569731799,0.1586879575726919,-0.3055210299755737,0.1210871300676995,0.1748424945096416,-1.0833012158805633,-0.2718925892875096
1.16,0.0222294282190775,0.0392380498060117,0.0019655096730129,0.1416174950437629,-0.2944072992230677,0.1236334225833024,0.1999225331529375,-1.1064003641349849,-0.2466295052906048
1.17,0.0216761577569233,0.040511116804891,0.0011798877745714,0.1248868607800934,-0.2829085154916482,0.1231341295173592,0.2229173092646411,-1.1191051117788833,-0.2184899859565296
1.18,0.0210220435983744,0.0418404371699052,0.0002904574441091,0.1086621877395694,-0.2718220219916361,0.1213807567551912,0.2437113854934762,-1.1216130666765434,-0.1892289252708783
1.19,0.0203288692190873,0.0431859241130305,-0.0005424676906161,0.0924216106250749,-0.2608582273094891,0.1202172104219058,0.2621634311869484,-1.1145268759932192,-0.1604024437670769
1.2,0.0196115979768585,0.0445007106194893,-0.0012908686474074,0.0759135904709785,-0.2496267346402705,0.1197049384746391,0.2785362806825093,-1.0991282740628985,-0.1331917613162131
1.21,0.0188527244946215,0.0457336436059308,-0.0020155771065872,0.0592314090403951,-0.2380937859619911,0.1193658453208945,0.2932271934585557,-1.0769898609422026,-0.1058298495238465
1.22,0.018070343456045,0.0468580865096906,-0.0026922817507748,0.0421084612802972,-0.2257679547514572,0.1187564991507836,0.3062622803043043,-1.048129301490554,-0.0845916892843946
1.23,0.0172371375139251,0.0478271375261409,-0.0034109584000743,0.0247862755101765,-0.2128868674116702,0.1178882298752364,0.3180571066288995,-1.0142611923816418,-0.0652775528393626
1.24,0.016279648219848,0.0486244891667692,-0.0043954020903069,0.0081117163903578,-0.2004690213134775,0.1168638626256539,0.3287362684469813,-0.9749695670119676,-0.0491950399351276
1.25,0.0150622747947338,0.0492203449306554,-0.0060148678541761,-0.0063991651066553,-0.1904804318109625,0.1162417657185803,0.3390720980964643,-0.9314448507183156,-0.0335794906458751
1.26,0.0135457069117751,0.0496088433449546,-0.0083977146050298,-0.018287732842292,-0.1835043685800582,0.116314674482147,0.3492070879168091,-0.8836590614842214,-0.0212632107068699
1.27,0.0117032145458559,0.0497694510884606,-0.0116327342304613,-0.0272979537625273,-0.1798373733837441,0.1174379772918416,0.3596294045114371,-0.8332449702746914,-0.0098342123551606
1.28,0.0097173311896462,0.0497185020044328,-0.0152941222740487,-0.0351866542315467,-0.1773094654703131,0.1191600902266533,0.3690023919773671,-0.7786813209213866,-0.0013956882221256
1.29,0.0078979675221392,0.0494794332313455,-0.0186362216929785,-0.0451832929564155,-0.171688150797252,0.1204271379706161,0.3754153794351362,-0.7184595240173177,0.0040299760262923
1.3,0.00615147192891,0.0490461304350504,-0.021919099738068,-0.0560795707294621,-0.1646268917543368,0.1216352878443526,0.3794400629217128,-0.653515537872293,0.0085103533820676
1.31,0.0043385366319672,0.0484379820415606,-0.0255331938638968,-0.0660347035252035,-0.1586336034977383,0.1232665012573298,0.3812250822871844,-0.5822906207418995,0.0072304894601312
1.32,0.0024683345547973,0.0476476887528561,-0.0294547555981154,-0.0749107059663647,-0.1540599101693379,0.1255074170055535,0.3814056529491956,-0.5069405080476886,-0.0001054697171595
1.33,0.0006492008082667,0.0466753703570987,-0.033406941892983,-0.0831377533280981,-0.1508472783666442,0.1284482545872352,0.3798134421578296,-0.4293862450503293,-0.0073394495205365
1.34,-0.0010075574501669,0.0455335344979568,-0.0370887940708948,-0.09110718171242,-0.1490224246030442,0.132022348007852,0.3763731167427195,-0.3518933052067273,-0.0114334817865409
1.35,-0.002442251264267,0.0442481307608112,-0.0403204667517096,-0.0989144981366735,-0.1488466507026951,0.1361059044484951,0.3714744386882602,-0.2769840012938613,-0.0143476969831281
1.36,-0.0035940913851615,0.0428475714940623,-0.0429106088589801,-0.1067216732875692,-0.1504655625191597,0.1405231046439831,0.3657767636925117,-0.208281752436568,-0.0134096444302518
1.37,-0.0044148452065438,0.041370243408962,-0.0447041186261715,-0.1146573376570263,-0.1539753165169064,0.1449978538415584,0.3598269382074427,-0.1487175106157189,-0.0072903977116039
1.38,-0.0048520972644714,0.0398592943255912,-0.0455493225729541,-0.1229056133229253,-0.159353270093818,0.149143736752386,0.353806879894525,-0.100190534318201,0.0049781873277127
1.39,-0.0048902887597918,0.0383636310245493,-0.0453993844707114,-0.1314977727095634,-0.1665714517039034,0.1525376119123153,0.347825311956775,-0.0632827558187205,0.0164362018951338
1.4,-0.0045702483778465,0.0369199198765543,-0.0443671209272713,-0.140089920981396,-0.1759479036865956,0.1549600404034591,0.3424762453780866,-0.0391243403678291,0.0241852226375467
1.41,-0.0039711886505874,0.0355553839593379,-0.0426777441596826,-0.1481376642692518,-0.1878907922846696,0.1562571028681176,0.338583799930457,-0.0286162634068694,0.0249134960108177
1.42,-0.0031481447620755,0.0342870581520017,-0.0405139939225097,-0.1552840650308654,-0.2025615177171875,0.1562110007500187,0.3365519780272822,-0.0315967433024469,0.0161775784093478
1.43,-0.0021271123553352,0.0331201969994755,-0.0380019388168677,-0.1613024053251479,-0.2200509257259876,0.1546279986440433,0.3363123666226648,-0.0469745920591457,-0.0014109204013544
1.44,-0.0008477355186434,0.0320562398719834,-0.0350636622787797,-0.1663926219245734,-0.2401684962570361,0.1511571075295091,0.3365218183224194,-0.0711044945496167,-0.025039991546761
1.45,0.0008072690343153,0.0311087288993895,-0.031519079454716,-0.17091992657023,-0.2626512716706565,0.1453019072870201,0.3339930189337451,-0.0950512608475077,-0.0480280503203694
1.46,0.0027999868622798,0.0303020900088258,-0.0274942375598984,-0.1744069430634216,-0.2879521442382959,0.1367090599118481,0.3283391798109911,-0.115481211836881,-0.0671019865083671
1.47,0.0050276376696583,0.0296630647616577,-0.0231913551673819,-0.1761000853599346,-0.3167629518048893,0.1249579651471163,0.3212836015334159,-0.1350408364537453,-0.0812194910923533
1.48,0.0073578499888316,0.0292128134108232,-0.0188963656134394,-0.175024013624034,-0.3499357108038829,0.1094686187829023,0.3145332380064671,-0.1567005369730556,-0.0854413427454661
1.49,0.0097324096516262,0.0289776804334114,-0.0147306999289719,-0.1705857651921682,-0.3879051985663164,0.0891968566114623,0.307938602712255,-0.1796891839400436,-0.0805698535196647
1.5,0.0118505346609403,0.0289443062626854,-0.0114180074417987,-0.1610478894231553,-0.431647082559369,0.0631401413382648,0.3038639598601554,-0.2065330936616252,-0.0656585612367022
1.51,0.0136028515462968,0.0291080823011533,-0.009144566900112,-0.1459001895213281,-0.4809498424725513,0.0295126672266159,0.3024741892525738,-0.2366786560502443,-0.0428627659585314
1.52,0.0152682153504721,0.029484102334321,-0.0071020606078379,-0.1270004262471566,-0.5334470027180346,-0.0142195587795477,0.2995109425385251,-0.2633785748416258,-0.0201762993232769
1.53,0.0169255722323303,0.0300517097582307,-0.0050111683764266,-0.1056248415192511,-0.5864094391220149,-0.0705431115591051,0.2934239436666909,-0.2841081774913568,-0.0006843159786039
1.54,0.0184570022518098,0.0307682895536386,-0.0031206925154862,-0.0824507669383306,-0.6369072780593595,-0.14158769911398,0.2851831751023443,-0.2997711876538209,0.0152958671034511
1.55,0.0198012843853693,0.031587481061467,-0.001539810371317,-0.0583652788962449,-0.6823133288008525,-0.2286122568864983,0.2752656927971143,-0.310984066969709,0.0289657529179979
1.56,0.0208616648659109,0.0323086282762958,-0.0003174653826793,-0.0327070119469673,-0.7301059267250515,-0.2949189421778027,0.264875231840713,-0.3198833172537271,0.0423062893315259
1.57,0.0217404982266673,0.0329436221619675,0.0008429872776229,-0.0061395504604811,-0.7814008110906805,-0.3322232474462068,0.2534097893175371,-0.3261989057589597,0.0560191233016616
1.58,0.0224342812008997,0.0335392639802945,0.0019230955202099,0.0210889439670213,-0.8351606874123907,-0.3456520995638844,0.2411097741236113,-0.3303077204658493,0.0693215297143938
1.59,0.0228922558115125,0.0341625277869596,0.0027175860669269,0.049257783450011,-0.8887828060987457,-0.3449993071892347,0.2277657750273813,-0.3313697876038397,0.0821288871883273
1.6,0.023110261446712,0.0348443905779797,0.003178072114518,0.0781824974517401,-0.9409664289443244,-0.3356996024186053,0.2137895198875193,-0.3300709554090741,0.0937331334418604
1.61,0.0231442394186073,0.0356152485720301,0.003396206386201,0.1072377324039755,-0.9899078789858266,-0.3213674325961703,0.1989057116813704,-0.3262031283789334,0.1040695494514515
1.62,0.0230046296771423,0.0364941686935583,0.0033464945801582,0.1360071820222815,-1.0338239101091298,-0.3040721392203346,0.1832832040896243,-0.3199803184233296,0.1126327054234256
1.63,0.0227671190274145,0.0374896449685912,0.003165696254662,0.1636866090218591,-1.071241683546741,-0.2804302652060947,0.1664444215070018,-0.3108998497415507,0.1195581372722037
1.64,0.0224512426027753,0.0386175338814969,0.0028559108128643,0.1895272735097036,-1.099122915368742,-0.256174182227484,0.1486382927823389,-0.2993733381013304,0.1240968442074715
1.65,0.0220332780131299,0.0398584832623687,0.0023518391746035,0.2132018674009293,-1.1164379514310507,-0.2291137812905502,0.1306076288326401,-0.2865128133654256,0.1256295933485217
1.66,0.0214923431432559,0.0411768026022376,0.0016447319114552,0.2347578178089401,-1.1232960075779364,-0.2003931698923522,0.1130068506209982,-0.273457478462689,0.1242135391512872
1.67,0.0208150712283082,0.0425295036342357,0.0007354765275166,0.2542191687948396,-1.119869796685195,-0.1719394124201164,0.0964171054525571,-0.261540470085681,0.1217782475759303
1.68,0.0200568262025602,0.043872038019414,-0.0002333107664982,0.2715604076839359,-1.1071884696554988,-0.1446535467666992,0.0803411370544819,-0.2504788388122395,0.1202933509856364
1.69,0.019241412897091,0.0451571685355897,-0.0012115080770809,0.2870233080244398,-1.0866818238451907,-0.1191378836430429,0.0644123388469547,-0.2396881682429679,0.1194947782400436
1.7,0.0183713758128794,0.0463413186468543,-0.0022105679658552,0.3008802213671557,-1.0595982286280068,-0.0955126799533827,0.0484888920463429,-0.2288221865014436,0.1188672663896523
1.71,0.0174005219543251,0.0473841059324186,-0.0033666060859379,0.3135877153717225,-1.0270752996012005,-0.0739578341196742,0.0330186221561547,-0.2183487068464641,0.1182678848241054
1.72,0.0163290210038152,0.0482575442897057,-0.0047038439721926,0.3252746236892813,-0.9897623222964798,-0.0550882379502525,0.0179583741261393,-0.2081303359696582,0.1176556247272261
1.73,0.0151134389869685,0.0489376329121736,-0.0063605604101609,0.3362032838406076,-0.9482833589086554,-0.0378061534364212,0.0037981556593126,-0.1987588884248084,0.1172117306752115
1.74,0.0137689428645323,0.0494142990942653,-0.0083271826819916,0.3462758637427388,-0.9026732236040422,-0.0236135300125975,-0.0096138784503727,-0.1899916300581864,0.1169599789904882
1.75,0.0122970808371955,0.049679101779111,-0.0106267205642419,0.3555544272335729,-0.8533303074562714,-0.0133640795082727,-0.0222853108607604,-0.1817822845813414,0.1169940819347173
1.76,0.0106755966380955,0.0497278483910342,-0.0133475986249478,0.3640575788859109,-0.8005257420974135,-0.0048584494157839,-0.0338408572599097,-0.174671319387124,0.1175498474988405
1.77,0.0089403166385872,0.0495668907923205,-0.0164329106230572,0.3714575235854492,-0.744071339374268,0.002489047927407,-0.0445447670733307,-0.1683305005383989,0.1185878146758422
1.78,0.0071378549938593,0.0492123732449638,-0.0198008926563846,0.3771392117684184,-0.682945093119642,0.0078628209351238,-0.0546787178119447,-0.1624551120855804,0.1199790174778785
1.79,0.0052877647474829,0.0486832611776117,-0.0234352491529472,0.3805613217914408,-0.6157750145889715,0.0079889254623906,-0.0641589797399972,-0.1572566246290415,0.1216987157049761
1.8,0.0034044962233259,0.0479842299442121,-0.027328597375897,0.381537702159452,-0.5423026956652225,0.0032119798126615,-0.072834451208277,-0.1530697809758997,0.1238471398960617
1.81,0.0014897592898339,0.0471105365996802,-0.0314844683952987,0.3806486947316464,-0.4642523510532961,-0.006637709956458,-0.0805371117099261,-0.1502496214694672,0.1266469654562732
1.82,-0.000373701450066,0.0460559426902654,-0.0356712043649784,0.3784928173861186,-0.385599010804635,-0.0147032714106473,-0.0875406785507037,-0.148888984907699,0.1302013039908814
1.83,-0.0020802063980715,0.0448363683884511,-0.0395816947506831,0.375427005204669,-0.3098638723428483,-0.0190777399574945,-0.0942386782885239,-0.1490231785509492,0.1344260211256931
1.84,-0.0034400081948756,0.0434808227814786,-0.0427073043508097,0.3706884139415712,-0.2389597935390689,-0.0124894043460451,-0.1015010823011194,-0.150278688731779,0.1389439334400295
1.85,-0.004366439132274,0.0420402121589874,-0.0447854438685441,0.3640730920909213,-0.1737331510606528,-0.0055390515831583,-0.1095999768940053,-0.1527287534055984,0.1433506296605611
1.86,-0.0049121287733531,0.0405508049276255,-0.0459191121042382,0.3570913632240948,-0.1181643129023063,0.0012908305188214,-0.1180871112086644,-0.1569153164724509,0.1475397039570853
1.87,-0.0050984599599099,0.0390501615981482,-0.046154103585173,0.350654746684672,-0.0750972094782525,0.011617608506365,-0.126743079671954,-0.1630701508770428,0.1512473895162995
1.88,-0.0049332699716736,0.0375825925815975,-0.0455084491008079,0.3450862290655575,-0.0454771162638355,0.0213234257910989,-0.135404270703084,-0.1713782689033843,0.1541412333335697
1.89,-0.0044469374389535,0.0361848351344252,-0.0440781905337654,0.3407828151137271,-0.0300037812573367,0.0261771439462755,-0.1437166866830981,-0.1822346098032071,0.1559866895712325
1.9,-0.0037022092513542,0.0348789775634047,-0.0420601126967632,0.3381851328178393,-0.0285236921390406,0.0230842278749161,-0.1512808399792981,-0.1958305851137735,0.1565653620512921
1.91,-0.0027329885049856,0.0336765616023613,-0.0395943705548667,0.3372654066822758,-0.0397602656640647,0.009331561561541,-0.1578757738799002,-0.2121912739307535,0.1556355768718795
1.92,5e-06,0.0317566182432357,-0.033207279738741,0.3333910235663166,-0.0784895471819276,-0.0391659737656153,-0.1689249760905069,-0.2486567802854555,0.1486549462440569
1.93,0.0018984965256655,0.0308804000754483,-0.0292353598988357,0.3280990723050614,-0.0987976852197669,-0.0615750945715872,-0.1732501538378428,-0.2724696451557727,0.1415453306515777
1.94,0.0039475412640836,0.0301448728540476,-0.025220706410576,0.3221191305058374,-0.1191155470849445,-0.0781134749138744,-0.1755218209885311,-0.2998319173258261,0.1317499411739097
1.95,0.0059878830558608,0.0295645426663327,-0.0215221425747108,0.3179525029022808,-0.143620120702429,-0.0842304239598767,-0.1747016964908091,-0.3315706632408514,0.1189051044047053
1.96,0.00812393592789,0.0291817372538488,-0.0178315991296551,0.3141540498423583,-0.1704866709386222,-0.0788618837055112,-0.1710586182002892,-0.3676231193746947,0.1018477131286265
1.97,0.010488543806196,0.0290440884475198,-0.0137944860380912,0.30777018085801,-0.1940983161157116,-0.0699505745721362,-0.1650378275553415,-0.4075842584119877,0.0790221967016683
1.98,0.0127110990033964,0.0291276132366851,-0.0102947187128982,0.3020467182191099,-0.2184722137116088,-0.0546760608539732,-0.1545561882428903,-0.4526185867181673,0.0494650000449452
1.99,0.0144804703101985,0.0293951827093571,-0.008028690896431,0.2996408502815775,-0.2469094609431071,-0.0312329835102622,-0.1382112489712088,-0.5028524906846765,0.0116858087453273
2.0,0.0161385651310818,0.0298611570073229,-0.0060379732998836,0.2954345776354555,-0.2710354023107155,-0.0101432186066934,-0.1183372315327198,-0.5553140226863992,-0.0369393784103406
2.01,0.017690827085158,0.0304931288376536,-0.0042218568508955,0.2888979254256287,-0.2899167088839366,0.0069281258015116,-0.0959151999385174,-0.6074053414155703,-0.0991577164255508
2.02,0.0190832193947205,0.0312530797838502,-0.002666060971427,0.2804383445858184,-0.3039916637932348,0.0210305869446135,-0.0720293442340311,-0.6559030649647211,-0.1768408570055024
2.03,0.0202638283800161,0.0320364532542048,-0.001393853883071,0.2706714640415375,-0.3144221980785033,0.0339454703563974,-0.0471298233645437,-0.7018964284089081,-0.2570744957651705
2.04,0.0212273020794854,0.0327140867122135,-0.0002714184071617,0.2599993612354065,-0.322332567134245,0.0472302768907526,-0.021043536223719,-0.7511461665377689,-0.3111111270204728
2.05,0.022042712221978,0.0333285968025195,0.0008775218861007,0.2480697399976148,-0.3275698491856075,0.0607722767990937,0.0056528376466749,-0.8033832295132555,-0.3380889832124292
2.06,0.0226850819456637,0.0339346212910272,0.0019435986620087,0.2349412751541133,-0.3300119228264996,0.0741838397065512,0.0329650875260291,-0.8569795395025696,-0.3450896762781512
2.07,0.0230797141605561,0.0345794250771929,0.0026759841892981,0.2210470059111423,-0.3298144207663216,0.0867988902185988,0.0612282093332775,-0.910061375695898,-0.3402301996804974
2.08,0.0232389371470122,0.0352943859234031,0.0030629766575377,0.2065389545887608,-0.3272766955951445,0.0981097484596238,0.0901238247368616,-0.9610235512476284,-0.3290464855049466
2.09,0.0232049387114662,0.036106504197787,0.0031582548424786,0.1912731684926988,-0.322283869166911,0.1078295231851587,0.1190701295318194,-1.008002859906597,-0.3143878214687312
2.1,0.0230006796922726,0.0370273544194952,0.0029708831153967,0.1753074613096255,-0.3149493391660329,0.1156037858748032,0.1475936356217153,-1.0496198331361155,-0.2948946152281408
2.11,0.0226662795902594,0.0380717963791547,0.0025534569731799,0.1586979575726919,-0.3055110299755738,0.1210971300676995,0.1748524945096417,-1.0832912158805632,-0.2718825892875097
2.12,0.0222394282190775,0.0392480498060117,0.0019755096730129,0.1416274950437629,-0.2943972992230677,0.1236434225833024,0.1999325331529375,-1.1063903641349848,-0.2466195052906047
2.13,0.0216861577569233,0.040521116804891,0.0011898877745714,0.1248968607800934,-0.2828985154916483,0.1231441295173592,0.2229273092646411,-1.1190951117788832,-0.2184799859565296
2.14,0.0210320435983744,0.0418504371699052,0.0003004574441091,0.1086721877395694,-0.2718120219916362,0.1213907567551912,0.2437213854934762,-1.1216030666765433,-0.1892189252708783
2.15,0.0203388692190873,0.0431959241130305,-0.0005324676906161,0.0924316106250749,-0.2608482273094892,0.1202272104219058,0.2621734311869483,-1.1145168759932191,-0.1603924437670769
2.16,0.0196215979768585,0.0445107106194893,-0.0012808686474074,0.0759235904709786,-0.2496167346402705,0.1197149384746392,0.2785462806825092,-1.0991182740628982,-0.1331817613162131
2.17,0.0188627244946215,0.0457436436059308,-0.0020055771065872,0.0592414090403951,-0.2380837859619911,0.1193758453208945,0.2932371934585557,-1.0769798609422023,-0.1058198495238464
2.18,0.018080343456045,0.0468680865096906,-0.0026822817507748,0.0421184612802972,-0.2257579547514572,0.1187664991507836,0.3062722803043042,-1.048119301490554,-0.0845816892843946
2.19,0.0172471375139251,0.0478371375261409,-0.0034009584000743,0.0247962755101765,-0.2128768674116702,0.1178982298752364,0.3180671066288995,-1.0142511923816415,-0.0652675528393626
2.2,0.016289648219848,0.0486344891667692,-0.0043854020903069,0.0081217163903578,-0.2004590213134774,0.116873862625654,0.3287462684469812,-0.9749595670119676,-0.0491850399351277
2.21,0.0150722747947338,0.0492303449306554,-0.0060048678541761,-0.0063891651066553,-0.1904704318109625,0.1162517657185804,0.3390820980964643,-0.9314348507183156,-0.0335694906458751
2.22,0.0135557069117751,0.0496188433449546,-0.0083877146050298,-0.018277732842292,-0.1834943685800582,0.116324674482147,0.3492170879168091,-0.8836490614842213,-0.0212532107068699
2.23,0.0117132145458559,0.0497794510884606,-0.0116227342304613,-0.0272879537625273,-0.1798273733837441,0.1174479772918416,0.3596394045114371,-0.8332349702746913,-0.0098242123551606
2.24,0.0097273311896462,0.0497285020044328,-0.0152841222740487,-0.0351766542315467,-0.1772994654703131,0.1191700902266533,0.369012391977367,-0.7786713209213866,-0.0013856882221256
2.25,0.0079079675221392,0.0494894332313455,-0.0186262216929785,-0.0451732929564155,-0.171678150797252,0.1204371379706161,0.3754253794351361,-0.7184495240173177,0.0040399760262923
2.26,0.00616147192891,0.0490561304350504,-0.021909099738068,-0.0560695707294621,-0.1646168917543368,0.1216452878443526,0.3794500629217128,-0.6535055378722929,0.0085203533820676
2.27,0.0043485366319672,0.0484479820415606,-0.0255231938638968,-0.0660247035252035,-0.1586236034977383,0.1232765012573298,0.3812350822871844,-0.5822806207418995,0.0072404894601312
2.28,0.0024783345547973,0.0476576887528561,-0.0294447555981154,-0.0749007059663647,-0.1540499101693379,0.1255174170055535,0.3814156529491955,-0.5069305080476886,-9.546971715952928e-05
2.29,0.0006592008082667,0.0466853703570987,-0.033396941892983,-0.0831277533280981,-0.1508372783666442,0.1284582545872352,0.3798234421578296,-0.4293762450503294,-0.0073294495205365
2.3000000000000003,-0.0009975574501669,0.0455435344979568,-0.0370787940708948,-0.09109718171242,-0.1490124246030442,0.132032348007852,0.3763831167427194,-0.3518833052067273,-0.0114234817865409
2.31,-0.002432251264267,0.0442581307608112,-0.0403104667517096,-0.0989044981366735,-0.1488366507026951,0.1361159044484952,0.3714844386882601,-0.2769740012938613,-0.0143376969831281
2.32,-0.0035840913851615,0.0428575714940623,-0.0429006088589801,-0.1067116732875692,-0.1504555625191597,0.1405331046439831,0.3657867636925117,-0.208271752436568,-0.0133996444302518
2.33,-0.0044048452065438,0.0413802434089619,-0.0446941186261715,-0.1146473376570263,-0.1539653165169064,0.1450078538415584,0.3598369382074426,-0.1487075106157188,-0.0072803977116039
2.34,-0.0048420972644714,0.0398692943255912,-0.0455393225729541,-0.1228956133229253,-0.159343270093818,0.149153736752386,0.3538168798945249,-0.100180534318201,0.0049881873277127
2.35,-0.0048802887597918,0.0383736310245493,-0.0453893844707114,-0.1314877727095633,-0.1665614517039033,0.1525476119123153,0.347835311956775,-0.0632727558187205,0.0164462018951338
2.36,-0.0045602483778465,0.0369299198765543,-0.0443571209272713,-0.140079920981396,-0.1759379036865956,0.1549700404034591,0.3424862453780866,-0.0391143403678291,0.0241952226375467
2.37,-0.0039611886505874,0.0355653839593379,-0.0426677441596826,-0.1481276642692518,-0.1878807922846696,0.1562671028681176,0.3385937999304569,-0.0286062634068694,0.0249234960108177
2.38,-0.0031381447620755,0.0342970581520017,-0.0405039939225097,-0.1552740650308654,-0.2025515177171875,0.1562210007500187,0.3365619780272822,-0.031586743302447,0.0161875784093478
2.39,-0.0021171123553352,0.0331301969994755,-0.0379919388168677,-0.1612924053251479,-0.2200409257259876,0.1546379986440433,0.3363223666226648,-0.0469645920591457,-0.0014009204013544
2.4,-0.0008377355186434,0.0320662398719834,-0.0350536622787797,-0.1663826219245734,-0.240158496257036,0.1511671075295091,0.3365318183224194,-0.0710944945496167,-0.0250299915467609
2.41,0.0008172690343153,0.0311187288993895,-0.031509079454716,-0.17090992657023,-0.2626412716706565,0.1453119072870201,0.3340030189337451,-0.0950412608475077,-0.0480180503203694
2.42,0.0028099868622798,0.0303120900088258,-0.0274842375598984,-0.1743969430634216,-0.287942144238296,0.1367190599118481,0.328349179810991,-0.115471211836881,-0.0670919865083671
2.43,0.0050376376696583,0.0296730647616577,-0.0231813551673819,-0.1760900853599346,-0.3167529518048894,0.1249679651471163,0.3212936015334159,-0.1350308364537453,-0.0812094910923533
2.44,0.0073678499888316,0.0292228134108232,-0.0188863656134394,-0.175014013624034,-0.349925710803883,0.1094786187829024,0.3145432380064671,-0.1566905369730556,-0.0854313427454661
2.45,0.0097424096516262,0.0289876804334114,-0.0147206999289719,-0.1705757651921682,-0.3878951985663165,0.0892068566114623,0.3079486027122549,-0.1796791839400436,-0.0805598535196646
2.46,0.0118605346609403,0.0289543062626854,-0.0114080074417987,-0.1610378894231553,-0.4316370825593691,0.0631501413382649,0.3038739598601554,-0.2065230936616252,-0.0656485612367022
2.47,0.0136128515462968,0.0291180823011534,-0.009134566900112,-0.1458901895213281,-0.4809398424725513,0.0295226672266159,0.3024841892525737,-0.2366686560502443,-0.0428527659585314
2.48,0.0152782153504721,0.029494102334321,-0.0070920606078379,-0.1269904262471566,-0.5334370027180345,-0.0142095587795477,0.299520942538525,-0.2633685748416259,-0.0201662993232769
2.49,0.0169355722323304,0.0300617097582307,-0.0050011683764266,-0.1056148415192511,-0.5863994391220149,-0.0705331115591051,0.2934339436666908,-0.2840981774913569,-0.0006743159786039
2.5,0.0184670022518098,0.0307782895536386,-0.0031106925154862,-0.0824407669383306,-0.6368972780593595,-0.14157769911398,0.2851931751023442,-0.299761187653821,0.0153058671034511
2.51,0.0198112843853693,0.031597481061467,-0.001529810371317,-0.0583552788962449,-0.6823033288008524,-0.2286022568864983,0.2752756927971143,-0.310974066969709,0.0289757529179979
2.52,0.0208716648659109,0.0323186282762957,-0.0003074653826793,-0.0326970119469673,-0.7300959267250514,-0.2949089421778027,0.2648852318407129,-0.3198733172537272,0.0423162893315259
2.53,0.0217504982266673,0.0329536221619675,0.0008529872776229,-0.0061295504604811,-0.7813908110906804,-0.3322132474462068,0.253419789317537,-0.3261889057589597,0.0560291233016616
2.54,0.0224442812008997,0.0335492639802945,0.0019330955202099,0.0210989439670213,-0.8351506874123906,-0.3456420995638844,0.2411197741236113,-0.3302977204658493,0.0693315297143939
2.5500000000000003,0.0229022558115125,0.0341725277869596,0.0027275860669269,0.049267783450011,-0.8887728060987456,-0.3449893071892348,0.2277757750273813,-0.3313597876038398,0.0821388871883273
2.56,0.023120261446712,0.0348543905779797,0.003188072114518,0.0781924974517401,-0.9409564289443244,-0.3356896024186053,0.2137995198875193,-0.3300609554090742,0.0937431334418605
2.57,0.0231542394186073,0.0356252485720301,0.003406206386201,0.1072477324039756,-0.9898978789858264,-0.3213574325961703,0.1989157116813704,-0.3261931283789334,0.1040795494514515
2.58,0.0230146296771423,0.0365041686935583,0.0033564945801582,0.1360171820222815,-1.0338139101091297,-0.3040621392203346,0.1832932040896243,-0.3199703184233297,0.1126427054234256
2.59,0.0227771190274145,0.0374996449685912,0.003175696254662,0.1636966090218591,-1.071231683546741,-0.2804202652060948,0.1664544215070018,-0.3108898497415508,0.1195681372722037
2.6,0.0224612426027753,0.0386275338814969,0.0028659108128643,0.1895372735097036,-1.099112915368742,-0.2561641822274841,0.148648292782339,-0.2993633381013305,0.1241068442074715
2.61,0.0220432780131299,0.0398684832623687,0.0023618391746035,0.2132118674009293,-1.116427951431051,-0.2291037812905502,0.1306176288326402,-0.2865028133654256,0.1256395933485217
2.62,0.0215023431432559,0.0411868026022376,0.0016547319114552,0.2347678178089401,-1.1232860075779365,-0.2003831698923522,0.1130168506209982,-0.273447478462689,0.1242235391512872
2.63,0.0208250712283082,0.0425395036342357,0.0007454765275166,0.2542291687948396,-1.1198597966851949,-0.1719294124201164,0.0964271054525571,-0.2615304700856811,0.1217882475759303
2.64,0.0200668262025602,0.043882038019414,-0.0002233107664982,0.2715704076839359,-1.1071784696554987,-0.1446435467666992,0.0803511370544819,-0.2504688388122395,0.1203033509856364
2.65,0.019251412897091,0.0451671685355897,-0.0012015080770809,0.2870333080244398,-1.086671823845191,-0.1191278836430429,0.0644223388469548,-0.2396781682429679,0.1195047782400436
2.66,0.0183813758128794,0.0463513186468543,-0.0022005679658552,0.3008902213671556,-1.0595882286280067,-0.0955026799533827,0.0484988920463429,-0.2288121865014436,0.1188772663896523
2.67,0.0174105219543251,0.0473941059324186,-0.0033566060859379,0.3135977153717225,-1.0270652996012002,-0.0739478341196742,0.0330286221561547,-0.2183387068464641,0.1182778848241054
2.68,0.0163390210038152,0.0482675442897057,-0.0046938439721926,0.3252846236892813,-0.9897523222964796,-0.0550782379502525,0.0179683741261393,-0.2081203359696582,0.1176656247272261
2.69,0.0151234389869685,0.0489476329121736,-0.0063505604101609,0.3362132838406076,-0.9482733589086554,-0.0377961534364212,0.0038081556593126,-0.1987488884248084,0.1172217306752115
2.7,0.0137789428645323,0.0494242990942652,-0.0083171826819916,0.3462858637427387,-0.9026632236040422,-0.0236035300125975,-0.0096038784503727,-0.1899816300581864,0.1169699789904882
2.71,0.0123070808371955,0.049689101779111,-0.0106167205642419,0.3555644272335729,-0.8533203074562713,-0.0133540795082727,-0.0222753108607604,-0.1817722845813414,0.1170040819347173
2.72,0.0106855966380955,0.0497378483910342,-0.0133375986249478,0.3640675788859108,-0.8005157420974134,-0.0048484494157839,-0.0338308572599097,-0.174661319387124,0.1175598474988405
2.73,0.0089503166385872,0.0495768907923205,-0.0164229106230572,0.3714675235854492,-0.7440613393742679,0.002499047927407,-0.0445347670733307,-0.1683205005383989,0.1185978146758422
2.74,0.0071478549938593,0.0492223732449638,-0.0197908926563846,0.3771492117684184,-0.682935093119642,0.0078728209351238,-0.0546687178119447,-0.1624451120855804,0.1199890174778785
2.75,0.0052977647474828,0.0486932611776117,-0.0234252491529472,0.3805713217914408,-0.6157650145889715,0.0079989254623906,-0.0641489797399972,-0.1572466246290415,0.1217087157049761
2.76,0.0034144962233259,0.0479942299442121,-0.027318597375897,0.3815477021594519,-0.5422926956652224,0.0032219798126615,-0.072824451208277,-0.1530597809758997,0.1238571398960617
2.77,0.0014997592898339,0.0471205365996802,-0.0314744683952987,0.3806586947316464,-0.4642423510532962,-0.006627709956458,-0.0805271117099261,-0.1502396214694672,0.1266569654562732
2.78,-0.000363701450066,0.0460659426902654,-0.0356612043649784,0.3785028173861186,-0.385589010804635,-0.0146932714106473,-0.0875306785507037,-0.148878984907699,0.1302113039908814
2.79,-0.0020702063980715,0.0448463683884511,-0.0395716947506831,0.375437005204669,-0.3098538723428484,-0.0190677399574945,-0.0942286782885239,-0.1490131785509492,0.1344360211256931
2.8000000000000003,-0.0034300081948756,0.0434908227814786,-0.0426973043508097,0.3706984139415711,-0.2389497935390689,-0.0124794043460451,-0.1014910823011194,-0.150268688731779,0.1389539334400295
2.81,-0.004356439132274,0.0420502121589874,-0.0447754438685441,0.3640830920909213,-0.1737231510606528,-0.0055290515831583,-0.1095899768940053,-0.1527187534055984,0.1433606296605611
2.82,-0.0049021287733531,0.0405608049276254,-0.0459091121042382,0.3571013632240947,-0.1181543129023063,0.0013008305188214,-0.1180771112086644,-0.1569053164724509,0.1475497039570854
2.83,-0.0050884599599099,0.0390601615981482,-0.046144103585173,0.3506647466846719,-0.0750872094782525,0.011627608506365,-0.126733079671954,-0.1630601508770428,0.1512573895162995
2.84,-0.0049232699716736,0.0375925925815975,-0.0454984491008079,0.3450962290655575,-0.0454671162638355,0.0213334257910989,-0.135394270703084,-0.1713682689033843,0.1541512333335697
2.85,-0.0044369374389535,0.0361948351344252,-0.0440681905337654,0.340792815113727,-0.0299937812573367,0.0261871439462755,-0.1437066866830981,-0.1822246098032071,0.1559966895712325
2.86,-0.0036922092513542,0.0348889775634047,-0.0420501126967632,0.3381951328178392,-0.0285136921390406,0.0230942278749161,-0.1512708399792981,-0.1958205851137734,0.1565753620512921
2.87,-0.0027229885049856,0.0336865616023613,-0.0395843705548667,0.3372754066822758,-0.0397502656640647,0.009341561561541,-0.1578657738799002,-0.2121812739307535,0.1556455768718795
2.88,1.5000000000000002e-05,0.0317666182432357,-0.033197279738741,0.3334010235663167,-0.0784795471819276,-0.0391559737656153,-0.1689149760905069,-0.2486467802854555,0.1486649462440569
2.89,0.0019084965256655,0.0308904000754483,-0.0292253598988357,0.3281090723050614,-0.0987876852197669,-0.0615650945715872,-0.1732401538378429,-0.2724596451557727,0.1415553306515777
2.9,0.0039575412640836,0.0301548728540476,-0.025210706410576,0.3221291305058374,-0.1191055470849445,-0.0781034749138744,-0.1755118209885312,-0.2998219173258261,0.1317599411739097
2.91,0.0059978830558608,0.0295745426663327,-0.0215121425747108,0.3179625029022808,-0.143610120702429,-0.0842204239598767,-0.1746916964908091,-0.3315606632408513,0.1189151044047053
2.92,0.00813393592789,0.0291917372538488,-0.0178215991296551,0.3141640498423583,-0.1704766709386222,-0.0788518837055112,-0.1710486182002892,-0.3676131193746947,0.1018577131286265
2.93,0.010498543806196,0.0290540884475198,-0.0137844860380912,0.30778018085801,-0.1940883161157117,-0.0699405745721362,-0.1650278275553415,-0.4075742584119877,0.0790321967016682
2.94,0.0127210990033964,0.0291376132366851,-0.0102847187128982,0.3020567182191099,-0.2184622137116088,-0.0546660608539732,-0.1545461882428903,-0.4526085867181673,0.0494750000449452
2.95,0.0144904703101985,0.0294051827093571,-0.008018690896431,0.2996508502815775,-0.2468994609431071,-0.0312229835102622,-0.1382012489712089,-0.5028424906846766,0.0116958087453273
2.96,0.0161485651310818,0.0298711570073229,-0.0060279732998836,0.2954445776354555,-0.2710254023107155,-0.0101332186066934,-0.1183272315327198,-0.5553040226863992,-0.0369293784103405
2.97,0.017700827085158,0.0305031288376536,-0.0042118568508955,0.2889079254256287,-0.2899067088839366,0.0069381258015116,-0.0959051999385174,-0.6073953414155704,-0.0991477164255508
2.98,0.0190932193947205,0.0312630797838502,-0.002656060971427,0.2804483445858184,-0.3039816637932347,0.0210405869446135,-0.0720193442340311,-0.6558930649647211,-0.1768308570055025
2.99,0.0202738283800161,0.0320464532542048,-0.001383853883071,0.2706814640415375,-0.3144121980785033,0.0339554703563974,-0.0471198233645437,-0.7018864284089081,-0.2570644957651705
3.0,0.0212373020794854,0.0327240867122135,-0.0002614184071617,0.2600093612354066,-0.322322567134245,0.0472402768907527,-0.021033536223719,-0.7511361665377689,-0.3111011270204727
3.01,0.022052712221978,0.0333385968025196,0.0008875218861007,0.2480797399976148,-0.3275598491856075,0.0607822767990937,0.0056628376466749,-0.8033732295132555,-0.3380789832124292
3.02,0.0226950819456637,0.0339446212910272,0.0019535986620087,0.2349512751541133,-0.3300019228264996,0.0741938397065512,0.0329750875260291,-0.8569695395025696,-0.3450796762781511
3.03,0.0230897141605561,0.0345894250771929,0.0026859841892981,0.2210570059111423,-0.3298044207663216,0.0868088902185988,0.0612382093332775,-0.910051375695898,-0.3402201996804974
3.04,0.0232489371470122,0.0353043859234031,0.0030729766575377,0.2065489545887608,-0.3272666955951445,0.0981197484596238,0.0901338247368616,-0.9610135512476284,-0.3290364855049466
3.0500000000000003,0.0232149387114662,0.036116504197787,0.0031682548424786,0.1912831684926988,-0.322273869166911,0.1078395231851587,0.1190801295318194,-1.0079928599065973,-0.3143778214687312
3.06,0.0230106796922726,0.0370373544194952,0.0029808831153967,0.1753174613096255,-0.3149393391660329,0.1156137858748032,0.1476036356217153,-1.0496098331361157,-0.2948846152281408
3.0700000000000003,0.0226762795902594,0.0380817963791547,0.0025634569731799,0.1587079575726919,-0.3055010299755737,0.1211071300676995,0.1748624945096416,-1.0832812158805631,-0.2718725892875097
3.08,0.0222494282190775,0.0392580498060117,0.0019855096730129,0.1416374950437628,-0.2943872992230677,0.1236534225833024,0.1999425331529375,-1.1063803641349848,-0.2466095052906048
3.09,0.0216961577569233,0.040531116804891,0.0011998877745714,0.1249068607800934,-0.2828885154916483,0.1231541295173592,0.2229373092646411,-1.1190851117788831,-0.2184699859565296
3.1,0.0210420435983744,0.0418604371699052,0.0003104574441091,0.1086821877395694,-0.2718020219916361,0.1214007567551912,0.2437313854934762,-1.1215930666765432,-0.1892089252708783
3.11,0.0203488692190873,0.0432059241130305,-0.0005224676906161,0.0924416106250749,-0.2608382273094892,0.1202372104219058,0.2621834311869483,-1.114506875993219,-0.1603824437670769
3.12,0.0196315979768585,0.0445207106194893,-0.0012708686474074,0.0759335904709786,-0.2496067346402705,0.1197249384746391,0.2785562806825092,-1.099108274062898,-0.1331717613162131
3.13,0.0188727244946215,0.0457536436059308,-0.0019955771065872,0.0592514090403951,-0.2380737859619911,0.1193858453208945,0.2932471934585557,-1.0769698609422025,-0.1058098495238464
3.14,0.018090343456045,0.0468780865096906,-0.0026722817507748,0.0421284612802972,-0.2257479547514572,0.1187764991507836,0.3062822803043042,-1.0481093014905538,-0.0845716892843946
3.15,0.0172571375139251,0.0478471375261409,-0.0033909584000743,0.0248062755101765,-0.2128668674116702,0.1179082298752364,0.3180771066288995,-1.0142411923816417,-0.0652575528393626
3.16,0.016299648219848,0.0486444891667692,-0.0043754020903069,0.0081317163903578,-0.2004490213134775,0.1168838626256539,0.3287562684469812,-0.9749495670119676,-0.0491750399351276
3.17,0.0150822747947338,0.0492403449306554,-0.0059948678541761,-0.0063791651066553,-0.1904604318109625,0.1162617657185803,0.3390920980964643,-0.9314248507183156,-0.0335594906458751
3.18,0.0135657069117751,0.0496288433449546,-0.0083777146050298,-0.018267732842292,-0.1834843685800582,0.116334674482147,0.3492270879168091,-0.8836390614842213,-0.0212432107068699
3.19,0.0117232145458559,0.0497894510884606,-0.0116127342304613,-0.0272779537625273,-0.1798173733837441,0.1174579772918416,0.3596494045114371,-0.8332249702746913,-0.0098142123551606
3.2,0.0097373311896462,0.0497385020044328,-0.0152741222740487,-0.0351666542315467,-0.1772894654703131,0.1191800902266533,0.3690223919773671,-0.7786613209213866,-0.0013756882221256
3.21,0.0079179675221392,0.0494994332313455,-0.0186162216929785,-0.0451632929564155,-0.171668150797252,0.1204471379706161,0.3754353794351361,-0.7184395240173177,0.0040499760262923
3.22,0.00617147192891,0.0490661304350504,-0.021899099738068,-0.0560595707294621,-0.1646068917543368,0.1216552878443526,0.3794600629217128,-0.653495537872293,0.0085303533820676
3.23,0.0043585366319672,0.0484579820415606,-0.0255131938638968,-0.0660147035252035,-0.1586136034977383,0.1232865012573298,0.3812450822871844,-0.5822706207418995,0.0072504894601312
3.24,0.0024883345547973,0.0476676887528561,-0.0294347555981154,-0.0748907059663647,-0.1540399101693379,0.1255274170055535,0.3814256529491955,-0.5069205080476886,-8.546971715952928e-05
3.25,0.0006692008082667,0.0466953703570987,-0.033386941892983,-0.0831177533280981,-0.1508272783666442,0.1284682545872352,0.3798334421578296,-0.4293662450503294,-0.0073194495205365
3.26,-0.0009875574501669,0.0455535344979568,-0.0370687940708948,-0.09108718171242,-0.1490024246030442,0.132042348007852,0.3763931167427194,-0.3518733052067273,-0.0114134817865409
3.27,-0.002422251264267,0.0442681307608112,-0.0403004667517096,-0.0988944981366735,-0.1488266507026951,0.1361259044484951,0.3714944386882601,-0.2769640012938613,-0.0143276969831281
3.28,-0.0035740913851615,0.0428675714940623,-0.0428906088589801,-0.1067016732875692,-0.1504455625191597,0.1405431046439831,0.3657967636925117,-0.208261752436568,-0.0133896444302518
3.29,-0.0043948452065438,0.0413902434089619,-0.0446841186261715,-0.1146373376570263,-0.1539553165169064,0.1450178538415584,0.3598469382074427,-0.1486975106157189,-0.0072703977116039
3.3000000000000003,-0.0048320972644714,0.0398792943255912,-0.0455293225729541,-0.1228856133229253,-0.159333270093818,0.149163736752386,0.3538268798945249,-0.100170534318201,0.0049981873277127
3.31,-0.0048702887597918,0.0383836310245493,-0.0453793844707114,-0.1314777727095634,-0.1665514517039034,0.1525576119123153,0.347845311956775,-0.0632627558187205,0.0164562018951338
3.3200000000000003,-0.0045502483778465,0.0369399198765543,-0.0443471209272713,-0.140069920981396,-0.1759279036865956,0.154980040403459,0.3424962453780866,-0.0391043403678291,0.0242052226375467
3.33,-0.0039511886505874,0.0355753839593379,-0.0426577441596826,-0.1481176642692518,-0.1878707922846696,0.1562771028681176,0.338603799930457,-0.0285962634068694,0.0249334960108177
3.34,-0.0031281447620755,0.0343070581520017,-0.0404939939225097,-0.1552640650308654,-0.2025415177171875,0.1562310007500187,0.3365719780272822,-0.0315767433024469,0.0161975784093478
3.35,-0.0021071123553352,0.0331401969994755,-0.0379819388168677,-0.1612824053251479,-0.2200309257259876,0.1546479986440433,0.3363323666226648,-0.0469545920591457,-0.0013909204013544
3.36,-0.0008277355186434,0.0320762398719834,-0.0350436622787797,-0.1663726219245734,-0.2401484962570361,0.1511771075295091,0.3365418183224194,-0.0710844945496167,-0.0250199915467609
3.37,0.0008272690343153,0.0311287288993895,-0.031499079454716,-0.17089992657023,-0.2626312716706565,0.1453219072870201,0.3340130189337451,-0.0950312608475077,-0.0480080503203694
3.38,0.0028199868622798,0.0303220900088258,-0.0274742375598984,-0.1743869430634216,-0.287932144238296,0.1367290599118481,0.328359179810991,-0.115461211836881,-0.0670819865083671
3.39,0.0050476376696583,0.0296830647616577,-0.0231713551673819,-0.1760800853599346,-0.3167429518048893,0.1249779651471163,0.3213036015334159,-0.1350208364537453,-0.0811994910923533
3.4,0.0073778499888316,0.0292328134108232,-0.0188763656134394,-0.175004013624034,-0.349915710803883,0.1094886187829023,0.3145532380064671,-0.1566805369730556,-0.0854213427454661
3.41,0.0097524096516262,0.0289976804334114,-0.0147106999289719,-0.1705657651921682,-0.3878851985663165,0.0892168566114623,0.3079586027122549,-0.1796691839400437,-0.0805498535196646
3.42,0.0118705346609403,0.0289643062626854,-0.0113980074417987,-0.1610278894231553,-0.4316270825593691,0.0631601413382648,0.3038839598601554,-0.2065130936616253,-0.0656385612367022
3.43,0.0136228515462968,0.0291280823011534,-0.009124566900112,-0.1458801895213281,-0.4809298424725513,0.0295326672266159,0.3024941892525737,-0.2366586560502443,-0.0428427659585314
3.44,0.0152882153504721,0.029504102334321,-0.0070820606078379,-0.1269804262471567,-0.5334270027180346,-0.0141995587795477,0.2995309425385251,-0.2633585748416259,-0.0201562993232769
3.45,0.0169455722323304,0.0300717097582307,-0.0049911683764266,-0.1056048415192511,-0.5863894391220149,-0.0705231115591051,0.2934439436666908,-0.2840881774913569,-0.0006643159786039
3.46,0.0184770022518098,0.0307882895536386,-0.0031006925154862,-0.0824307669383306,-0.6368872780593595,-0.14156769911398,0.2852031751023443,-0.2997511876538209,0.0153158671034511
3.47,0.0198212843853693,0.031607481061467,-0.001519810371317,-0.0583452788962449,-0.6822933288008525,-0.2285922568864983,0.2752856927971143,-0.310964066969709,0.0289857529179979
3.48,0.0208816648659109,0.0323286282762958,-0.0002974653826793,-0.0326870119469673,-0.7300859267250515,-0.2948989421778027,0.2648952318407129,-0.3198633172537272,0.0423262893315259
3.49,0.0217604982266673,0.0329636221619675,0.0008629872776229,-0.0061195504604811,-0.7813808110906805,-0.3322032474462068,0.253429789317537,-0.3261789057589597,0.0560391233016616
3.5,0.0224542812008997,0.0335592639802945,0.0019430955202099,0.0211089439670213,-0.8351406874123907,-0.3456320995638844,0.2411297741236113,-0.3302877204658493,0.0693415297143938
3.51,0.0229122558115125,0.0341825277869596,0.0027375860669269,0.049277783450011,-0.8887628060987457,-0.3449793071892348,0.2277857750273813,-0.3313497876038397,0.0821488871883273
3.52,0.023130261446712,0.0348643905779797,0.003198072114518,0.0782024974517401,-0.9409464289443245,-0.3356796024186053,0.2138095198875193,-0.3300509554090742,0.0937531334418605
3.53,0.0231642394186073,0.0356352485720301,0.003416206386201,0.1072577324039756,-0.9898878789858264,-0.3213474325961703,0.1989257116813703,-0.3261831283789334,0.1040895494514515
3.54,0.0230246296771423,0.0365141686935583,0.0033664945801582,0.1360271820222815,-1.0338039101091296,-0.3040521392203346,0.1833032040896243,-0.3199603184233296,0.1126527054234256
3.5500000000000003,0.0227871190274145,0.0375096449685912,0.003185696254662,0.1637066090218591,-1.071221683546741,-0.2804102652060948,0.1664644215070018,-0.3108798497415508,0.1195781372722037
3.56,0.0224712426027753,0.0386375338814969,0.0028759108128643,0.1895472735097036,-1.099102915368742,-0.2561541822274841,0.1486582927823389,-0.2993533381013304,0.1241168442074715
3.5700000000000003,0.0220532780131299,0.0398784832623687,0.0023718391746035,0.2132218674009293,-1.1164179514310506,-0.2290937812905502,0.1306276288326401,-0.2864928133654256,0.1256495933485217
3.58,0.0215123431432559,0.0411968026022376,0.0016647319114552,0.2347778178089401,-1.1232760075779362,-0.2003731698923523,0.1130268506209982,-0.273437478462689,0.1242335391512872
3.59,0.0208350712283082,0.0425495036342357,0.0007554765275166,0.2542391687948396,-1.1198497966851948,-0.1719194124201164,0.0964371054525571,-0.2615204700856811,0.1217982475759303
3.6,0.0200768262025602,0.043892038019414,-0.0002133107664982,0.2715804076839359,-1.1071684696554986,-0.1446335467666992,0.0803611370544819,-0.2504588388122395,0.1203133509856364
3.61,0.019261412897091,0.0451771685355897,-0.0011915080770809,0.2870433080244398,-1.0866618238451906,-0.1191178836430429,0.0644323388469547,-0.239668168242968,0.1195147782400436
3.62,0.0183913758128794,0.0463613186468543,-0.0021905679658552,0.3009002213671556,-1.0595782286280069,-0.0954926799533827,0.0485088920463429,-0.2288021865014436,0.1188872663896523
3.63,0.0174205219543251,0.0474041059324186,-0.0033466060859379,0.3136077153717225,-1.0270552996012,-0.0739378341196742,0.0330386221561547,-0.2183287068464641,0.1182878848241054
3.64,0.0163490210038152,0.0482775442897057,-0.0046838439721926,0.3252946236892813,-0.9897423222964796,-0.0550682379502525,0.0179783741261393,-0.2081103359696582,0.1176756247272261
3.65,0.0151334389869685,0.0489576329121736,-0.0063405604101609,0.3362232838406076,-0.9482633589086554,-0.0377861534364212,0.0038181556593126,-0.1987388884248084,0.1172317306752115
3.66,0.0137889428645323,0.0494342990942653,-0.0083071826819916,0.3462958637427387,-0.9026532236040422,-0.0235935300125975,-0.0095938784503727,-0.1899716300581864,0.1169799789904882
3.67,0.0123170808371955,0.049699101779111,-0.0106067205642419,0.3555744272335729,-0.8533103074562713,-0.0133440795082727,-0.0222653108607604,-0.1817622845813414,0.1170140819347173
3.68,0.0106955966380955,0.0497478483910342,-0.0133275986249478,0.3640775788859108,-0.8005057420974134,-0.0048384494157839,-0.0338208572599097,-0.174651319387124,0.1175698474988405
3.69,0.0089603166385872,0.0495868907923205,-0.0164129106230572,0.3714775235854492,-0.7440513393742679,0.002509047927407,-0.0445247670733307,-0.1683105005383989,0.1186078146758422
3.7,0.0071578549938593,0.0492323732449638,-0.0197808926563846,0.3771592117684184,-0.682925093119642,0.0078828209351238,-0.0546587178119447,-0.1624351120855804,0.1199990174778785
3.71,0.0053077647474829,0.0487032611776117,-0.0234152491529472,0.3805813217914408,-0.6157550145889715,0.0080089254623906,-0.0641389797399972,-0.1572366246290415,0.1217187157049761
3.72,0.0034244962233259,0.0480042299442121,-0.027308597375897,0.3815577021594519,-0.5422826956652225,0.0032319798126615,-0.072814451208277,-0.1530497809758997,0.1238671398960617
3.73,0.0015097592898339,0.0471305365996802,-0.0314644683952987,0.3806686947316464,-0.4642323510532962,-0.006617709956458,-0.0805171117099261,-0.1502296214694672,0.1266669654562731
3.74,-0.000353701450066,0.0460759426902654,-0.0356512043649784,0.3785128173861186,-0.385579010804635,-0.0146832714106473,-0.0875206785507037,-0.148868984907699,0.1302213039908814
3.75,-0.0020602063980715,0.0448563683884511,-0.0395616947506831,0.375447005204669,-0.3098438723428484,-0.0190577399574945,-0.0942186782885239,-0.1490031785509492,0.1344460211256931
3.76,-0.0034200081948756,0.0435008227814786,-0.0426873043508097,0.3707084139415711,-0.2389397935390689,-0.0124694043460451,-0.1014810823011194,-0.150258688731779,0.1389639334400295
3.77,-0.004346439132274,0.0420602121589874,-0.0447654438685441,0.3640930920909213,-0.1737131510606528,-0.0055190515831583,-0.1095799768940053,-0.1527087534055984,0.1433706296605611
3.78,-0.0048921287733531,0.0405708049276255,-0.0458991121042382,0.3571113632240947,-0.1181443129023063,0.0013108305188214,-0.1180671112086644,-0.1568953164724509,0.1475597039570853
3.79,-0.0050784599599099,0.0390701615981482,-0.046134103585173,0.3506747466846719,-0.0750772094782525,0.011637608506365,-0.126723079671954,-0.1630501508770428,0.1512673895162995
3.8,-0.0049132699716736,0.0376025925815975,-0.0454884491008079,0.3451062290655575,-0.0454571162638355,0.0213434257910989,-0.135384270703084,-0.1713582689033843,0.1541612333335697
3.81,-0.0044269374389535,0.0362048351344252,-0.0440581905337654,0.340802815113727,-0.0299837812573367,0.0261971439462755,-0.1436966866830981,-0.1822146098032071,0.1560066895712325
3.82,-0.0036822092513542,0.0348989775634047,-0.0420401126967632,0.3382051328178392,-0.0285036921390406,0.0231042278749161,-0.1512608399792981,-0.1958105851137735,0.1565853620512921
3.83,-0.0027129885049856,0.0336965616023613,-0.0395743705548667,0.3372854066822758,-0.0397402656640647,0.009351561561541,-0.1578557738799002,-0.2121712739307535,0.1556555768718795
3.84,-0.0014712575484851,0.0326114780948448,-0.0366246175935712,0.3370153765602712,-0.0608045223864023,-0.0136167677827191,-0.1635160886354072,-0.2312646017795394,0.1529643667974309
