time,residual_fx,residual_fy,residual_mz,moment_hip_r,moment_knee_r,moment_ankle_r,moment_hip_l,moment_knee_l,moment_ankle_l
0.0,-2.0165998648735695e-07,4.865230209816218e-07,-13.423534251809699,-83.03809076717302,-35.33726863658755,-2.5534419534623205,42.45285817188583,-15.70291068521644,-171.73004842529357
0.01,0.0015731712582010005,-0.0026325097679489318,-17.089325422693065,-27.85356485673323,-12.154963767780023,3.9531336491010016,42.79880712381067,-10.739167828776893,-170.54156455879655
0.02,-0.00391928911946593,-0.11578963274419607,-20.287298473928555,-37.855467664172615,-18.33194661580588,5.123176044420442,41.405810806245704,-6.651840007685294,-167.65127719139687
0.03,-0.006583698119470682,-0.022578182910820033,-22.924075008668208,-29.001580217063967,-17.551064991968225,10.399838043125712,37.60926947185344,-3.3515727827851087,-162.49024148565894
0.04,0.03049057864447491,0.13483229997837043,-24.286938515879733,-39.256448360545846,-9.56900187881042,18.23641745836458,32.89278534388619,-1.1229961161720983,-154.53675719928552
0.05,-0.02955029582162183,-0.32986745875641077,-24.090418017167522,-46.935232774275185,6.67716105362603,23.813226826407394,28.505999920353005,1.0026967397131052,-143.04607909728432
0.06,0.010240562893443439,-0.6933416181554435,-22.988489142292487,-16.48916370211682,21.749945222192714,23.899486074036847,25.174096692429075,3.117499926498734,-127.72260033816664
0.07,0.1597352395006908,0.6121900506122415,-20.736093932231107,3.08706556129708,29.41998354454929,12.544353302769366,22.69312246385224,5.7825386560373495,-108.50063660655567
0.08,0.14717289462561212,0.07108968402326354,-16.58045492148222,-32.4305454479061,29.867021803330225,-4.693769073366083,22.67602800777661,8.905778847777523,-86.0343360676346
0.09,0.10944046419588993,0.2505276868621138,-10.751613689714667,-40.73626932984797,27.406504603211086,-23.95878376508426,26.293962516883383,14.756482723876527,-61.90290055959687
0.1,-0.0375589888571497,0.18793598804465717,-3.537136096820042,-40.30812651289974,25.265201211510732,-42.60957398565765,31.754678979300984,22.948051839245608,-37.72082598756234
0.11,-0.41222201842575146,0.05232325815040184,12.93262193540015,-37.225738016298955,23.70893805087389,-57.95524281972948,36.08460009844377,25.264811329944113,-1.998283157137454
0.12,0.04907041004312873,-0.08704851791152635,10.057137649001753,-31.973576735316417,24.663204029889105,-68.37084146686307,10.656814917845047,-4.302089831025814,10.233627378760279
0.13,0.08656007939316623,-0.06756133798259611,9.74765703959996,-30.225799332812237,26.609496479553734,-75.13477646145199,2.99381713462264,-8.645853167647545,9.24971254540216
0.14,0.20328114784746276,-0.07612325005187692,9.687835735619135,-28.83696658480154,29.41841135504793,-78.80000696088038,10.175296921710444,-5.017193824742517,7.478284971769819
0.15,0.07457942684553132,0.09030184841511257,9.17453920361258,-25.813156322582497,31.576091055878603,-81.20147365466777,20.526521562504275,0.6564783166697588,5.71277778608217
0.16,0.04381530714286441,0.1526696422800704,8.659950022790563,-22.015500050541768,31.990422408554686,-83.63263978545774,20.420497595713513,2.9067039064885414,4.329411952734718
0.17,-0.019561652396390627,0.13779208751074634,8.105763563475747,-20.384582898645093,30.526611010249475,-86.22133223641826,21.402420431831935,7.676946899750195,3.9322419717907846
0.18,-0.09856352160615245,0.02130543231093185,7.448177737073353,-19.181491725671123,26.30364039331684,-90.1701237554301,23.587491887082653,13.41672147034868,4.93234293550204
0.19,-0.2207379336029618,0.15028600487288202,6.830493853192685,-19.27095203041921,18.418880166386295,-96.2789142187743,25.577078753272122,22.93357146724525,5.24790577583029
0.2,-0.28209282436073124,-0.09272733887224494,6.142264860393077,-21.422958607372664,5.608899186579091,-107.03134800137623,26.76737149755407,32.32634272627791,5.730478626691326
0.21,-0.1263813714396207,-0.11822924357500852,5.575467361308263,-24.463392755672302,-11.889530309869974,-122.50149896176839,27.072583391328088,32.24768137687652,5.815274619194787
0.22,-0.15478072880789284,-0.17452867805623384,5.1629359932345835,-31.951849235261253,-27.059268117818785,-133.20278461848187,26.582657237884685,30.840391951626113,5.066825927143594
0.23,-0.016647483487375325,-0.19376549118264563,4.855149497608394,-37.40813301477269,-32.88065268855428,-134.09913888055323,26.02591777540537,27.08792430284063,4.268332805605105
0.24,0.03559866372347642,-0.09144468502441327,4.389673679868245,-37.25854298426719,-34.150057116820726,-131.3506427420621,25.448878719745007,21.517101240765857,3.46701493397707
0.25,0.09440147325811665,-0.03879725779944465,3.9650226732312497,-33.42920371167374,-34.07382773083215,-128.10408639730687,24.733283906874973,16.09093611760801,3.7297018397774107
0.26,-0.055661798802297824,-0.06377760861170145,3.494735678439268,-32.18773855577827,-34.197302214156906,-125.03353960826327,23.828388912832892,13.670950680724088,1.4255507678271682
0.27,0.12783788692527054,0.026083823582581545,3.325378161730487,-26.591200070622754,-33.71181595402272,-122.40574327787247,23.171641567309443,8.86338918513714,2.868235002512373
0.28,-0.022783116358837674,-0.007384875838823746,3.044379982775056,-15.0281936740827,-32.083130628013045,-120.39287033277175,22.429767655763367,10.062280037585237,2.6031504961866645
0.29,0.05115015584927107,0.04973877084719902,2.8346133416097885,0.4853790187157827,-29.988675065444117,-119.13767678797403,21.423720379941642,7.044264544901239,3.638662986684968
0.3,0.0017604282624432699,-0.0016503083341774527,2.6991312020297755,7.672435838257098,-28.259364601205377,-118.36825689201343,20.099518691526345,6.2236578649397964,2.7514881196953875
0.31,-0.0009922354172644532,-0.01088509345444777,2.5871797988737484,12.83384723986899,-26.55340849714477,-118.25999715966607,18.86355971816702,2.0686792211612186,3.500925871777442
0.32,0.006642452690520884,-0.11352965323487751,2.520540980359506,2.5758907187296294,-27.520323537275807,-118.90919483892527,16.536508465333405,4.5306768178574135,3.1516919436437383
0.33,0.06037360154592619,0.07040797827642109,2.5923096779511283,-17.390453915526336,-30.038960706619015,-120.11585070349881,15.146041255978716,7.429874799816929,3.5823323887563805
0.34,0.005096373685852029,-0.08639283400830777,2.189694095134108,-5.772851029261641,-29.800054014931987,-122.31764319440227,13.461998592514327,5.948458213973893,4.26076240239075
0.35000000000000003,0.08088370391034161,0.20302975771741671,1.5570259388419316,12.074220814609024,-28.397196516251427,-125.05925396450526,10.661485472661354,7.048500670042613,3.0269520631397877
0.36,0.11649539790824548,0.19842990761952706,0.6705711350698138,15.63558756093698,-29.362182928091237,-128.45286776801794,4.600989324249234,-0.3478440380870298,2.285425389361883
0.37,0.029648096084508913,0.32437391129553816,-0.22221942305345266,17.757593874204233,-30.7322991947763,-132.1654454257384,-8.760160655996735,-7.419639760139388,3.6686070640539308
0.38,-0.17016513599590866,0.3454431462351977,-1.0794339939088786,21.463028605243295,-31.570875816764527,-136.17165479587925,-25.93454517231363,-16.21531112237836,3.6521224041246514
0.39,-0.21133408360768868,0.5098966087327312,-1.7788764781300728,25.885559260198807,-31.965824707633736,-140.42856353611418,-40.60897303935832,-25.143178733420267,1.794028407457518
0.4,-0.28617427908604043,0.25412193600566013,-2.7177453943763936,28.31177495342303,-32.87058583168643,-145.0550139026499,-54.5713218473918,-34.42089363899836,1.0613510761364444
0.41000000000000003,-0.13914205835692428,-0.008029183065971779,-3.666534079533264,29.678105128135865,-33.76078503970364,-149.83336393806903,-65.86086324647705,-42.04977672460452,0.051443852290489644
0.42,-0.15192388391330525,-0.3158231312218831,-4.7158890649555545,31.598796122077808,-33.57927339887728,-154.40009458490826,-76.22444594687514,-48.11877613237778,-0.9175532477809147
0.43,0.03820927842754429,-0.3639151107024343,-5.613584227960089,34.12095526870134,-32.25306018841151,-158.63749175339484,-82.24321326712254,-52.88020956919921,-4.099548283584355
0.44,0.16541875806861128,-0.48652193205918337,-6.661337589029266,37.0999274978631,-30.37604352064238,-162.48531728711575,-81.52561007428594,-54.91093293639215,-5.670943420890223
0.45,0.2779038596293901,-0.5732880061857983,-7.804598773278926,39.74782333155585,-27.794248133019227,-165.81479968645246,-75.33230716885534,-54.587128952536524,-7.003548051997912
0.46,0.2418067221434086,-0.5451149857061921,-9.11396547564729,41.22032927854588,-24.577946168394156,-168.54295546144334,-67.62932684480526,-51.70590577358506,-7.325314804644053
0.47000000000000003,0.1067197279174934,-0.3562025181358166,-10.531302973238958,41.72550211879102,-21.05252011727253,-170.51730262137698,-59.30223037515367,-45.96286795702922,-5.877708248121397
0.48,-0.1789487621511796,0.25216451761751557,-12.46517108680657,41.87357408210589,-16.96476629487072,-171.4693901578841,-56.830355251706976,-38.60295840808226,-3.3982069554959073
0.49,-0.27941362235688416,0.5594619743603175,-15.43488432059345,42.4373709579633,-12.545389372735126,-171.11314492278763,-54.77015695950518,-23.19279158581808,1.2419634726326065
0.5,0.014984908743400638,-0.20727928555109543,-19.129779157992047,42.51948118575433,-8.324643241748003,-169.10493715582797,-50.82335700581745,-18.37779063133882,3.752972169153658
0.51,-0.023844403697921734,-0.16592196273663262,-21.988324836613543,40.91631196629875,-4.505257811007667,-164.88106119670354,-49.790422884517525,-20.736803929973096,6.958558849905886
0.52,-0.04315707940989455,-0.38251326646721395,-23.929823883567337,37.419733905509226,-1.7642118809829874,-158.17754312159028,-41.605529203385416,-14.914959481831612,14.403203202411262
0.53,-0.0023220996730231036,-0.04192126384262451,-24.482480897840922,32.93188914816059,0.38094130437526985,-148.31721681950808,-35.35079462089101,-0.43351233146443746,21.862810891027507
0.54,-0.024764863607941834,-0.6798991473420131,-23.748682369166566,28.32478754975734,2.5476117551556623,-134.7814655344998,-6.6481774959918205,16.22967008439047,23.99253291246893
0.55,0.03181733441182644,0.01693501433553024,-21.755563200811757,24.94342797967756,4.70335875488848,-117.26872801012968,-4.673671881401907,23.389572443913696,13.88982326485128
0.56,0.13633342198318132,0.37173357107161564,-18.6207518418207,23.03936454452043,7.086618744582742,-95.96601213652103,-36.97806273852524,24.520496124700728,-1.6539986490638676
0.5700000000000001,0.10333983536262892,0.06417561882258838,-13.586904109949963,24.648966951923875,12.272592822093724,-72.15675589918176,-47.8525659820117,25.734199182876075,-17.349637346750033
0.58,0.036053232075083486,0.08633063862696844,-6.919463922180022,29.44170657069376,20.651336287998735,-47.680141340785106,-40.75597133222813,26.25378900924653,-34.79611325943178
0.59,-0.014003067848719297,0.058014299829324045,0.6463613528524768,34.39554988658892,25.88862019315522,-24.6395559009981,-38.65340929525214,25.749253180230916,-50.28110855977075
0.6,-0.08354281271243735,0.005899889423474747,11.826091016981486,18.020710592412428,1.7798984369617923,11.010481964192579,-27.76880834728009,27.104696326665195,-62.40085745594159
0.61,0.003390940690167099,-0.006262526541732427,9.74565382103792,4.0362092075916305,-8.274199893131396,10.042229124304866,-28.714971066992746,28.447134681148064,-69.87342099315568
0.62,0.01478504755758081,-0.003683738015109128,9.699449780801537,1.3803574312619293,-9.327601579476905,8.033161212964584,-23.00211044597144,30.481826618495226,-76.44810931726745
0.63,0.010452734042701195,0.017199488617592795,9.341638365575184,20.88567567271034,0.5737993159423702,6.319495211414259,-28.934697585980565,31.624072755865154,-79.31124534079744
0.64,0.013012237503460256,0.0412663912925737,8.842112009868702,20.26883481075168,1.6622532232362914,4.926461462354024,-24.142843003132093,31.726826860500626,-82.86493902765807
0.65,-0.008140289680980572,0.059303950504634884,8.34070214904304,20.21259613730516,5.205532617992777,4.184776517736322,-23.041232861795653,31.12990718487853,-85.17416226881208
0.66,-0.04790133435042776,-0.019205555759207016,7.717814528442744,22.394388371588175,11.033113045324562,4.119819628336531,-20.341361358689667,28.097902890232298,-88.77966402240205
0.67,-0.1255367695084857,0.059499133745305244,7.079645325039236,24.532581972710535,17.70652322350314,5.676816009353547,-22.754247553170746,23.181961597536286,-91.61451034433253
0.68,-0.19484343378599078,-0.024490484685371072,6.398352924269139,26.23213547669173,27.36960363076124,4.782400534222312,-20.979252320382344,15.102542473398973,-97.48986210590206
0.6900000000000001,-0.15205836847248122,-0.11309249907831997,5.760568458702842,27.003250998748662,32.68601726237319,5.846643306783457,-19.979715359060272,1.8551095329501743,-108.41300731615729
0.7000000000000001,-0.16318476563266415,-0.05433458119919976,5.226655215202356,26.879505054016473,32.22280569801711,5.393452709538795,-24.232137182421162,-15.788506185358031,-123.35526555065391
0.71,-0.04425543172521884,-0.2307078061837302,4.928423705191648,26.144727272994952,30.625022829020935,4.658970624239176,-27.302205831585418,-29.46197091140843,-133.05580324735058
0.72,0.06112741634110819,-0.1263131750342552,4.5531899223912795,25.25065423420998,25.539009784527515,3.9633114996550076,-31.880418456876765,-33.978932435847845,-132.49735214237444
0.73,0.10634130983690682,-0.17287813798748175,4.117353502686441,24.536498749619252,19.52983998902007,3.3456181012788466,-32.649450116715684,-34.85632859146592,-129.5370275366489
0.74,0.10933052313470171,0.09145380651443702,3.7107266891909045,23.804350301029515,14.570827917197391,2.994761312481189,-30.19111202259041,-34.57160741069074,-126.40714396417302
0.75,0.1310765676525989,-0.06205598315816019,3.38771124540175,23.0100651600452,10.51756745624682,2.7930943160779043,-23.86302818947241,-33.76799563750159,-123.68177852087597
0.76,0.05068753933102954,0.042436268123850596,3.1402817529034115,22.092181130073595,7.833592389589072,2.554622869314909,-20.179944118970877,-32.92911420149035,-121.35347513198197
0.77,0.20921831340780273,0.06292025457045725,2.974276336590325,21.13980584344233,5.983143223810854,3.013870540603728,-12.43201939768429,-31.537080825339345,-119.70500965990902
0.78,-0.1003241542443547,-0.17374173139637605,2.6736847354179964,19.843691486156793,5.028152842165133,2.484949748083726,-9.807489882350298,-30.72980651392424,-118.69422625690704
0.79,0.26622171337447753,0.21543527761065207,2.7004413377000844,18.857715096072518,3.537908740161133,2.430055215791845,-5.571620096212056,-29.83985480192831,-118.41125284581368
0.8,0.02102521850177652,-0.09692061008584574,2.5384024735759034,17.42703453483969,3.6772787715302884,3.332167085990739,0.9154009669685461,-28.9660838392749,-118.80636959938231
0.81,0.13093004123314955,-0.01640241390242636,2.5924455913336715,15.970988995301653,4.344535248913864,3.8370867311669907,2.870158241424764,-28.55947717574436,-119.75704600425382
0.8200000000000001,0.011916683516389526,-0.30562482481161624,2.3691193142270492,14.003897417697942,6.491005240641334,3.891092538245593,4.5283954562247715,-28.82896803492024,-121.5135213591772
0.8300000000000001,0.07050494613686453,-0.21318322238138876,1.8739793975007544,11.122423471535022,7.462246936156505,3.040441889468537,8.70009289735783,-29.17598308905039,-124.00046418552277
0.84,0.19264487698979949,-0.056774986916479975,1.084873574305206,7.22720881304604,5.547533009853053,3.2756338242615586,13.406760864692055,-29.429928073930157,-127.01646431719203
0.85,0.08445416315231746,0.3654556688988464,0.17141671100422684,3.7480595377196124,0.17992214136315932,2.779935547761393,15.997169030223581,-30.544315789190097,-130.5731030632295
0.86,0.05389701150247994,0.6325442352204789,-0.5748997666837852,-11.091492711550593,-10.521752876623934,3.990639548110627,18.905288787102755,-31.50222177851768,-134.48351259090938
0.87,-0.151670358349957,0.3645545729667674,-1.415405780664912,-30.30972512569618,-22.178435556679464,2.872886742366501,22.44136298786013,-31.999542383837202,-138.54827910342186
0.88,-0.0385658865129912,0.07881358207254152,-2.136420025948482,-54.52777199151859,-31.043468710632045,4.293231332414049,24.964578257873306,-32.66401242524874,-142.94534975828273
0.89,-0.17947062398668834,0.018369900526749916,-3.20147384856741,-71.0679858003844,-40.59969066200482,-0.9979856071554165,27.254195974934873,-33.77177650654114,-147.83257248853235
0.9,-0.07263525565785756,0.09448359464694533,-4.078258689131104,-74.06814340661225,-47.456358177665656,-2.5137110924752175,30.247325522193282,-33.771671193605535,-152.39279971627164
0.91,-0.00924240811103516,-0.0320719593267178,-5.080619295876936,-77.31309343334033,-51.45084744787751,-2.4393259846823776,32.700592363202006,-33.09197022329842,-156.84077225773112
0.92,0.001432844958401347,-0.015821380829844855,-6.188772036137252,-81.04413935069093,-55.22389411445284,-4.790822442384528,35.44598205280998,-31.758304335014767,-161.0708182889491
0.93,0.025007923137664534,-0.05596126347169772,-7.33031677517328,-79.5598171361954,-56.05788590991445,-6.420482598775907,38.51074145964332,-29.405406409582103,-164.57386214055148
0.9400000000000001,0.05682716053733827,-0.10650483784873188,-8.573636611324076,-73.3498836912499,-54.288812701024874,-7.214981478012776,40.85682875083032,-26.261325982406195,-167.56212169407755
0.9500000000000001,0.034478105023808325,-0.11018650303554267,-9.923069686387926,-65.60125921647801,-49.84753385058438,-7.1894735734048965,41.72138606206748,-22.74357855774497,-169.89219550340246
0.96,-0.06933735846320133,0.2714464152918339,-11.428656648968584,-61.774200274852674,-42.7230595602655,-4.952781984090079,42.29644422267954,-19.003028546114024,-171.2646154948786
